ID,Typ cery,Wrażliwa,Główny problem,Poboczny problem,Wiek,Mycie,Serum na dzień,Krem na dzień,SPF,Serum na noc,Krem na noc,Punktowo,Maseczka,Peeling
1,Tłusta,0,Nadprodukcja sebum,Niedoskonałości,17,Neutrogena Visibly Clear Clear & Defend Facial Wash,Revox Just Niacinamide 10%,Tołpa - Authentic - Krem Matowa Skóra,SVR Sebiaclear Creme SPF 50,Eveline Cosmetics Beauty & Glow Matujące Serum z Probiotykami,SVR Sebiaclear Hydra,Bandi - Sebo Care - Pasta Punktowa na Niedoskonałości z Kalaminą,Nacomi Next Lvl Kwas Salicylowy 2% + Nature Queen Glinka Zielona,Brak
2,Mieszana,1,Nadprodukcja sebum,Niedoskonałości,20,Pharmaceris T Puri-Sebogel - antybakteryjny żel myjący do twarzy,Revox Just Niacinamide 10%,Bandi Medical Expert Anti Dry Emulsja silnie nawilżająca,Missha - All-Around Safe Block Aqua Sun Gel SPF50+/PA++++,The Ordinary - Niacinamide 10% + Zinc 1% - Serum z Witaminą B3 i Cynkiem,SVR Sebiaclear Hydra,Bandi - Sebo Care - Pasta Punktowa na Niedoskonałości z Kalaminą,Nacomi Next Lvl Kwas Salicylowy 2% + Nacomi Biała Glinka do Twarzy Kaolin,BANDI ANTI ACNE antytrądzikowy peeling kwasowy do twarzy
3,Mieszana,1,Nadprodukcja sebum,Niedoskonałości,20,Pharmaceris T Puri-Sebogel - antybakteryjny żel myjący do twarzy,Revox Just Niacinamide 10%,Cetaphil - Pro Oil Control SPF30 - Krem Nawilżająco-Matujący,Missha - All-Around Safe Block Aqua Sun Gel SPF50+/PA++++,The Ordinary - Niacinamide 10% + Zinc 1% - Serum z Witaminą B3 i Cynkiem,Dermedic Melumin,Bandi - Sebo Care - Pasta Punktowa na Niedoskonałości z Kalaminą,Nacomi Next Lvl Kwas Salicylowy 2% + Nacomi Biała Glinka do Twarzy Kaolin,BANDI ANTI ACNE antytrądzikowy peeling kwasowy do twarzy
4,Tłusta,1,Niedoskonałości,Przebarwienia,20,BIELENDA CBD Cannabidiol,BasicLab Serum Zmniejszające Niedoskonałości Z Niacynamidem 5% Redukcja i Zwężenie,Bandi - Delicate Care - Kojący Krem Matujący,Missha - All-Around Safe Block Aqua Sun Gel SPF50+/PA++++,BasicLab Serum Zmniejszające Niedoskonałości Z Niacynamidem 5% Redukcja i Zwężenie,Bandi Medical Expert Anti Dry Kremowa kuracja nawilżająco-naprawcza,Acnederm,Nacomi Next Lvl Kwas Salicylowy 2% + Nacomi Biała Glinka do Twarzy Kaolin,BANDI ANTI ACNE antytrądzikowy peeling kwasowy do twarzy
5,Mieszana,1,Niedoskonałości,Podrażnienie,17,Cetaphil - Pro Oil Control - Oczyszczająca Pianka do Mycia Skóry Tłustej i Mieszanej ,Revox Just Niacinamide 10%,Bandi - Delicate Care - Kojący Krem Matujący,Skin79 Waterproof Sun Gel Krem ochronny SPF50,MIYA COSMETICS BEAUTY LAB serum z prebiotykiem do twarzy,Bandi Medical Expert Anti Dry Emulsja silnie nawilżająca,Bandi - Sebo Care - Pasta Punktowa na Niedoskonałości z Kalaminą,Nacomi Next Lvl Kwas Salicylowy 2% + Nacomi Biała Glinka do Twarzy Kaolin,Brak
6,Tłusta,1,Niedoskonałości,Przebarwienia,20,BIELENDA CBD Cannabidiol,BasicLab Serum Zmniejszające Niedoskonałości Z Niacynamidem 5% Redukcja i Zwężenie,Bandi - Delicate Care - Kojący Krem Matujący,Revox Just Daily Sun Krem przeciwsłoneczny SPF50,BasicLab Serum Zmniejszające Niedoskonałości Z Niacynamidem 5% Redukcja i Zwężenie,Bandi Medical Expert Anti Dry Kremowa kuracja nawilżająco-naprawcza,Acnederm,Nacomi Next Lvl Kwas Salicylowy 2% + Nacomi Biała Glinka do Twarzy Kaolin,BANDI ANTI ACNE antytrądzikowy peeling kwasowy do twarzy
7,Mieszana,1,Niedoskonałości,Podrażnienie,21,Cetaphil - Pro Oil Control - Oczyszczająca Pianka do Mycia Skóry Tłustej i Mieszanej ,Revox Just Niacinamide 10%,Bandi - Delicate Care - Kojący Krem Matujący,Skin79 Waterproof Sun Gel Krem ochronny SPF50,MIYA COSMETICS BEAUTY LAB serum z prebiotykiem do twarzy,Bandi Medical Expert Anti Dry Emulsja silnie nawilżająca,Bandi - Sebo Care - Pasta Punktowa na Niedoskonałości z Kalaminą,Nacomi Next Lvl Kwas Salicylowy 2% + Nacomi Biała Glinka do Twarzy Kaolin,Brak
8,Normalna,1,Podrażnienie,Brak,20,BIELENDA CBD Cannabidiol,Nacomi Next Level Serum Ceramidy 5%,Bandi - Delicate Care - Kojący Krem Matujący,Floslek SUN CARE Krem-żel anti-spot SPF 50,The Ordinary Hyaluronic Acid 2% + B5,Bandi Medical Expert Anti Dry Emulsja silnie nawilżająca,Bandi - Sebo Care - Pasta Punktowa na Niedoskonałości z Kalaminą,Mediheal NMF Aquaring Ampoule Mask EX,Brak
9,Mieszana,1,Podrażnienie,Suche skórki,16,Vianek Nawilżająca Emulsja Myjąca do Twarzy,Nacomi Next Level Serum Ceramidy 5%,Bandi - Delicate Care - Kojący Krem Matujący,Skin79 Waterproof Sun Gel Krem ochronny SPF50,The Ordinary Hyaluronic Acid 2% + B5,Bandi Medical Expert Anti Dry Emulsja silnie nawilżająca,Bandi - Sebo Care - Pasta Punktowa na Niedoskonałości z Kalaminą,SKIN79 Nawilżająca maska algowa Skin Relaxer Algae Modeling Mask Moisturizing,BANDI ANTI DRY peeling kwasowy do twarzy silnie nawilżający
10,Mieszana,0,Podrażnienie,Brak,20,Vianek Nawilżająca Emulsja Myjąca do Twarzy,Nacomi Next Level Serum Ceramidy 5%,Bandi - Delicate Care - Kojący Krem Matujący,Floslek SUN CARE Krem-żel anti-spot SPF 50,Brak,CeraVe Nawilżający Krem do Twarzy,Bandi - Sebo Care - Pasta Punktowa na Niedoskonałości z Kalaminą,SKIN79 Nawilżająca maska algowa Skin Relaxer Algae Modeling Mask Moisturizing,BANDI ANTI DRY peeling kwasowy do twarzy silnie nawilżający
11,Normalna,0,Podrażnienie,Suche skórki,20,Missha - Super Aqua Ultra Hyalron Cleansing Foam,Nacomi Next Level Serum Ceramidy 5%,Bandi - Delicate Care - Kojący Krem Matujący,Floslek SUN CARE Krem-żel anti-spot SPF 50,The Ordinary Hyaluronic Acid 2% + B5,Bandi Medical Expert Anti Dry Emulsja silnie nawilżająca,Bandi - Sebo Care - Pasta Punktowa na Niedoskonałości z Kalaminą,SKIN79 Nawilżająca maska algowa Skin Relaxer Algae Modeling Mask Moisturizing,BANDI ANTI DRY peeling kwasowy do twarzy silnie nawilżający
12,Mieszana,1,Podrażnienie,Suche skórki,16,Vianek Nawilżająca Emulsja Myjąca do Twarzy,Nacomi Next Level Serum Ceramidy 5%,Bandi - Delicate Care - Kojący Krem Matujący,Skin79 Waterproof Sun Gel Krem ochronny SPF50,MIYA COSMETICS BEAUTY LAB serum z prebiotykiem do twarzy,Bandi Medical Expert Anti Dry Emulsja silnie nawilżająca,Bandi - Sebo Care - Pasta Punktowa na Niedoskonałości z Kalaminą,Mediheal NMF Aquaring Ampoule Mask EX,BANDI ANTI DRY peeling kwasowy do twarzy silnie nawilżający
13,Mieszana,0,Podrażnienie,Brak,24,Vianek Nawilżająca Emulsja Myjąca do Twarzy,Nacomi Next Level Serum Ceramidy 5%,Bandi - Delicate Care - Kojący Krem Matujący,Floslek SUN CARE Krem-żel anti-spot SPF 50,Brak,CeraVe Nawilżający Krem do Twarzy,Bandi - Sebo Care - Pasta Punktowa na Niedoskonałości z Kalaminą,Mediheal NMF Aquaring Ampoule Mask EX,Brak
14,Tłusta,1,Przebarwienia,Niedoskonałości,17,Pharmaceris T Puri-Sebogel - antybakteryjny żel myjący do twarzy,MIYA Serum z witaminą C na przebarwienia,Bandi - Delicate Care - Kojący Krem Matujący,SVR Sebiaclear Creme SPF 50,Brak,Dermedic Melumin,Bandi - Sebo Care - Pasta Punktowa na Niedoskonałości z Kalaminą,Mediheal NMF Aquaring Ampoule Mask EX,BANDI ANTI ACNE antytrądzikowy peeling kwasowy do twarzy
15,Sucha,1,Przebarwienia,Brak,20,Żel Tołpa Dermo Face Physio,MIYA Serum z witaminą C na przebarwienia,Bandi - Delicate Care - Kojący Krem Matujący,Skin79 Waterproof Sun Gel Krem ochronny SPF50,MIYA COSMETICS BEAUTY LAB serum z prebiotykiem do twarzy,Dermedic Melumin,Bandi - Sebo Care - Pasta Punktowa na Niedoskonałości z Kalaminą,Mediheal NMF Aquaring Ampoule Mask EX,BANDI ANTI DRY peeling kwasowy do twarzy silnie nawilżający
16,Normalna,0,Przebarwienia,Brak,17,CeraVe Nawilżająca emulsja do mycia dla skóry normalnej i suchej,MIYA Serum z witaminą C na przebarwienia,Bandi - Delicate Care - Kojący Krem Matujący,SVR Sebiaclear Creme SPF 50,Brak,Dermedic Melumin,Bandi - Sebo Care - Pasta Punktowa na Niedoskonałości z Kalaminą,Mediheal NMF Aquaring Ampoule Mask EX,TOŁPA DERMO FACE SEBIO peeling 3 enzymy
17,Sucha,1,Przebarwienia,Brak,20,Żel Tołpa Dermo Face Physio,MIYA Serum z witaminą C na przebarwienia,Bandi - Delicate Care - Kojący Krem Matujący,Skin79 Waterproof Sun Gel Krem ochronny SPF50,MIYA COSMETICS BEAUTY LAB serum z prebiotykiem do twarzy,Dermedic Melumin,Bandi - Sebo Care - Pasta Punktowa na Niedoskonałości z Kalaminą,Mediheal NMF Aquaring Ampoule Mask EX,BANDI ANTI DRY peeling kwasowy do twarzy silnie nawilżający
18,Normalna,0,Przebarwienia,Podrażnienie,17,Missha - Super Aqua Ultra Hyalron Cleansing Foam,MIYA Serum z witaminą C na przebarwienia,Bandi - Delicate Care - Kojący Krem Matujący,SVR Sebiaclear Creme SPF 50,Brak,Dermedic Melumin,Bandi - Sebo Care - Pasta Punktowa na Niedoskonałości z Kalaminą,SKIN79 Nawilżająca maska algowa Skin Relaxer Algae Modeling Mask Moisturizing,Brak
19,Tłusta,1,Rozszerzone pory,Brak,18,BIELENDA CBD Cannabidiol,BasicLab Serum Zmniejszające Niedoskonałości Z Niacynamidem 5% Redukcja i Zwężenie,Bandi - Delicate Care - Kojący Krem Matujący,SVR Sebiaclear Creme SPF 50,MIYA COSMETICS BEAUTY LAB serum z prebiotykiem do twarzy,Avene Cleanance Women,Bandi - Sebo Care - Pasta Punktowa na Niedoskonałości z Kalaminą,Mediheal NMF Aquaring Ampoule Mask EX,TOŁPA DERMO FACE SEBIO peeling 3 enzymy
20,Tłusta,1,Rozszerzone pory,Przebarwienia,18,BIELENDA CBD Cannabidiol,MIYA Serum z witaminą C na przebarwienia,Bandi - Delicate Care - Kojący Krem Matujący,SVR Sebiaclear Creme SPF 50,Brak,Avene Cleanance Women,Bandi - Sebo Care - Pasta Punktowa na Niedoskonałości z Kalaminą,Mediheal NMF Aquaring Ampoule Mask EX,TOŁPA DERMO FACE SEBIO peeling 3 enzymy
21,Sucha,0,Suche skórki,Szara cera,24,Missha - Super Aqua Ultra Hyalron Cleansing Foam,MIYA Serum z witaminą C na przebarwienia,Bandi - Delicate Care - Kojący Krem Matujący,Revox Just Daily Sun Krem przeciwsłoneczny SPF50,The Ordinary Hyaluronic Acid 2% + B5,SVR Hydraliane,Bandi - Sebo Care - Pasta Punktowa na Niedoskonałości z Kalaminą,SKIN79 Nawilżająca maska algowa Skin Relaxer Algae Modeling Mask Moisturizing,BANDI ANTI DRY peeling kwasowy do twarzy silnie nawilżający
22,Normalna,0,Szara cera,Brak,18,Żel Tołpa Dermo Face Physio,MIYA Serum z witaminą C na przebarwienia,Bandi - Delicate Care - Kojący Krem Matujący,Skin79 Waterproof Sun Gel Krem ochronny SPF50,Brak,CeraVe Nawilżający Krem do Twarzy,Bandi - Sebo Care - Pasta Punktowa na Niedoskonałości z Kalaminą,Mediheal NMF Aquaring Ampoule Mask EX,TOŁPA DERMO FACE SEBIO peeling 3 enzymy
23,Sucha,1,Szara cera,Suche skórki,16,Vianek Nawilżająca Emulsja Myjąca do Twarzy,Nacomi Next Level Serum Ceramidy 5%,Bandi - Delicate Care - Kojący Krem Matujący,Skin79 Waterproof Sun Gel Krem ochronny SPF50,Brak,SVR Hydraliane,Bandi - Sebo Care - Pasta Punktowa na Niedoskonałości z Kalaminą,Nacomi Next Lvl Kwas Salicylowy 2% + Nacomi Biała Glinka do Twarzy Kaolin,BANDI ANTI DRY peeling kwasowy do twarzy silnie nawilżający
24,Sucha,1,Widoczne naczynka,Brak,20,Żel Tołpa Dermo Face Physio,APIS COUPEROSE-STOP SERUM DLA CERY Z PROBLEMAMI NACZYNKOWYMI,Bandi - Delicate Care - Kojący Krem Matujący,Uriage Roseliane SPF30 krem do cery naczynkowej,Brak,SVR Sensifine AR,Bandi - Sebo Care - Pasta Punktowa na Niedoskonałości z Kalaminą,SKIN79 Nawilżająca maska algowa Skin Relaxer Algae Modeling Mask Moisturizing,BANDI ANTI DRY peeling kwasowy do twarzy silnie nawilżający
25,Normalna,1,Widoczne naczynka,Brak,21,CeraVe Nawilżająca emulsja do mycia dla skóry normalnej i suchej,APIS COUPEROSE-STOP SERUM DLA CERY Z PROBLEMAMI NACZYNKOWYMI,Bandi - Delicate Care - Kojący Krem Matujący,Uriage Roseliane SPF30 krem do cery naczynkowej,Brak,SVR Sensifine AR,Bandi - Sebo Care - Pasta Punktowa na Niedoskonałości z Kalaminą,SKIN79 Nawilżająca maska algowa Skin Relaxer Algae Modeling Mask Moisturizing,Brak
26,Sucha,1,Widoczne naczynka,Brak,20,Żel Tołpa Dermo Face Physio,APIS COUPEROSE-STOP SERUM DLA CERY Z PROBLEMAMI NACZYNKOWYMI,Bandi - Delicate Care - Kojący Krem Matujący,Uriage Roseliane SPF30 krem do cery naczynkowej,Brak,SVR Sensifine AR,Bandi - Sebo Care - Pasta Punktowa na Niedoskonałości z Kalaminą,Mediheal NMF Aquaring Ampoule Mask EX,BANDI ANTI DRY peeling kwasowy do twarzy silnie nawilżający
27,Normalna,1,Widoczne naczynka,Suche skórki,21,Missha - Super Aqua Ultra Hyalron Cleansing Foam,APIS COUPEROSE-STOP SERUM DLA CERY Z PROBLEMAMI NACZYNKOWYMI,Bandi - Delicate Care - Kojący Krem Matujący,Uriage Roseliane SPF30 krem do cery naczynkowej,The Ordinary Hyaluronic Acid 2% + B5,SVR Sensifine AR,Bandi - Sebo Care - Pasta Punktowa na Niedoskonałości z Kalaminą,SKIN79 Nawilżająca maska algowa Skin Relaxer Algae Modeling Mask Moisturizing,BANDI ANTI DRY peeling kwasowy do twarzy silnie nawilżający
28,Tłusta,0,Nadprodukcja sebum,Niedoskonałości,21,CeraVe SA Wygładzający Żel do Mycia,The Ordinary - Niacinamide 10% + Zinc 1% - Serum z Witaminą B3 i Cynkiem,Bandi - Delicate Care - Kojący Krem Matujący,Floslek SUN CARE Krem-żel anti-spot SPF 50,The Ordinary - Niacinamide 10% + Zinc 1% - Serum z Witaminą B3 i Cynkiem,CeraVe Nawilżający Krem do Twarzy,Bandi - Sebo Care - Pasta Punktowa na Niedoskonałości z Kalaminą,Bielenda Professional SupremeLAB Microbiome Ratunkowa Maseczka,BANDI ANTI ACNE antytrądzikowy peeling kwasowy do twarzy
29,Mieszana,1,Nadprodukcja sebum,Niedoskonałości,20,CeraVe SA Wygładzający Żel do Mycia,Revox Just Niacinamide 10%,Bandi - Delicate Care - Kojący Krem Matujący,SVR Sebiaclear Creme SPF 50,The Ordinary - Niacinamide 10% + Zinc 1% - Serum z Witaminą B3 i Cynkiem,SVR Sebiaclear Hydra,Bandi - Sebo Care - Pasta Punktowa na Niedoskonałości z Kalaminą,Nacomi Next Lvl Kwas Salicylowy 2% + Nacomi Biała Glinka do Twarzy Kaolin,BANDI ANTI ACNE antytrądzikowy peeling kwasowy do twarzy
30,Mieszana,1,Nadprodukcja sebum,Niedoskonałości,20,Pharmaceris T Puri-Sebogel - antybakteryjny żel myjący do twarzy,Revox Just Niacinamide 10%,Bandi - Delicate Care - Kojący Krem Matujący,SVR Sebiaclear Creme SPF 50,The Ordinary - Niacinamide 10% + Zinc 1% - Serum z Witaminą B3 i Cynkiem,Dermedic Melumin,Bandi - Sebo Care - Pasta Punktowa na Niedoskonałości z Kalaminą,Mediheal NMF Aquaring Ampoule Mask EX,BANDI ANTI ACNE antytrądzikowy peeling kwasowy do twarzy
31,Tłusta,0,Niedoskonałości,Przebarwienia,20,Neutrogena Visibly Clear Clear & Defend Facial Wash,BasicLab Serum Zmniejszające Niedoskonałości Z Niacynamidem 5% Redukcja i Zwężenie,Bandi - Delicate Care - Kojący Krem Matujący,SVR Sebiaclear Creme SPF 50,The Ordinary - Niacinamide 10% + Zinc 1% - Serum z Witaminą B3 i Cynkiem,Avene Cleanance Women,Acnederm,Nacomi Next Lvl Kwas Salicylowy 2% + Nacomi Biała Glinka do Twarzy Kaolin,BANDI ANTI ACNE antytrądzikowy peeling kwasowy do twarzy
32,Mieszana,0,Niedoskonałości,Podrażnienie,17,Cetaphil - Pro Oil Control - Oczyszczająca Pianka do Mycia Skóry Tłustej i Mieszanej ,Revox Just Niacinamide 10%,Cetaphil - Pro Oil Control SPF30 - Krem Nawilżająco-Matujący,Skin79 Waterproof Sun Gel Krem ochronny SPF50,MIYA COSMETICS BEAUTY LAB serum z prebiotykiem do twarzy,Bandi Medical Expert Anti Dry Emulsja silnie nawilżająca,Bandi - Sebo Care - Pasta Punktowa na Niedoskonałości z Kalaminą,Nacomi Next Lvl Kwas Salicylowy 2% + Nacomi Biała Glinka do Twarzy Kaolin,Brak
33,Tłusta,0,Niedoskonałości,Brak,20,Pharmaceris T Puri-Sebogel - antybakteryjny żel myjący do twarzy,Eveline Cosmetics Beauty & Glow Matujące Serum z Probiotykami,Cetaphil - Pro Oil Control SPF30 - Krem Nawilżająco-Matujący,SVR Sebiaclear Creme SPF 50,The Ordinary - Niacinamide 10% + Zinc 1% - Serum z Witaminą B3 i Cynkiem,Avene Cleanance Women,Bandi - Sebo Care - Pasta Punktowa na Niedoskonałości z Kalaminą,Benton Goodbye Redness Centella Łagodząca Maska w Płacie,Nacomi Next Lvl Kwas Salicylowy 2% + Nacomi Biała Glinka do Twarzy Kaolin
34,Mieszana,0,Niedoskonałości,Podrażnienie,21,Cetaphil - Pro Oil Control - Oczyszczająca Pianka do Mycia Skóry Tłustej i Mieszanej ,Revox Just Niacinamide 10%,Cetaphil - Pro Oil Control SPF30 - Krem Nawilżająco-Matujący,Skin79 Waterproof Sun Gel Krem ochronny SPF50,Brak,Bandi Medical Expert Anti Dry Emulsja silnie nawilżająca,Bandi - Sebo Care - Pasta Punktowa na Niedoskonałości z Kalaminą,Benton Goodbye Redness Centella Łagodząca Maska w Płacie,Brak
35,Normalna,0,Podrażnienie,Brak,20,BIELENDA CBD Cannabidiol,Nacomi Next Level Serum Ceramidy 5%,Bandi Medical Expert Anti Dry Emulsja silnie nawilżająca,Floslek SUN CARE Krem-żel anti-spot SPF 50,The Ordinary Hyaluronic Acid 2% + B5,Bandi Medical Expert Anti Dry Emulsja silnie nawilżająca,Bandi - Sebo Care - Pasta Punktowa na Niedoskonałości z Kalaminą,Mediheal NMF Aquaring Ampoule Mask EX,Brak
36,Mieszana,0,Podrażnienie,Suche skórki,16,Vianek Nawilżająca Emulsja Myjąca do Twarzy,Nacomi Next Level Serum Ceramidy 5%,Bandi Medical Expert Anti Dry Emulsja silnie nawilżająca,Skin79 Waterproof Sun Gel Krem ochronny SPF50,The Ordinary Hyaluronic Acid 2% + B5,Bandi Medical Expert Anti Dry Emulsja silnie nawilżająca,Bandi - Sebo Care - Pasta Punktowa na Niedoskonałości z Kalaminą,SKIN79 Nawilżająca maska algowa Skin Relaxer Algae Modeling Mask Moisturizing,BANDI ANTI DRY peeling kwasowy do twarzy silnie nawilżający
37,Mieszana,0,Podrażnienie,Brak,20,Vianek Nawilżająca Emulsja Myjąca do Twarzy,Nacomi Next Level Serum Ceramidy 5%,CeraVe Nawilżający Krem do Twarzy,Floslek SUN CARE Krem-żel anti-spot SPF 50,Brak,CeraVe Nawilżający Krem do Twarzy,Bandi - Sebo Care - Pasta Punktowa na Niedoskonałości z Kalaminą,Mediheal NMF Aquaring Ampoule Mask EX,BANDI ANTI DRY peeling kwasowy do twarzy silnie nawilżający
38,Normalna,0,Podrażnienie,Suche skórki,20,Missha - Super Aqua Ultra Hyalron Cleansing Foam,Nacomi Next Level Serum Ceramidy 5%,Bandi Medical Expert Anti Dry Emulsja silnie nawilżająca,Floslek SUN CARE Krem-żel anti-spot SPF 50,The Ordinary Hyaluronic Acid 2% + B5,Bandi Medical Expert Anti Dry Emulsja silnie nawilżająca,Bandi - Sebo Care - Pasta Punktowa na Niedoskonałości z Kalaminą,SKIN79 Nawilżająca maska algowa Skin Relaxer Algae Modeling Mask Moisturizing,BANDI ANTI DRY peeling kwasowy do twarzy silnie nawilżający
39,Mieszana,1,Podrażnienie,Suche skórki,16,Vianek Nawilżająca Emulsja Myjąca do Twarzy,Nacomi Next Level Serum Ceramidy 5%,Bandi Medical Expert Anti Dry Emulsja silnie nawilżająca,Skin79 Waterproof Sun Gel Krem ochronny SPF50,MIYA COSMETICS BEAUTY LAB serum z prebiotykiem do twarzy,Bandi Medical Expert Anti Dry Emulsja silnie nawilżająca,Bandi - Sebo Care - Pasta Punktowa na Niedoskonałości z Kalaminą,Mediheal NMF Aquaring Ampoule Mask EX,BANDI ANTI DRY peeling kwasowy do twarzy silnie nawilżający
40,Mieszana,0,Podrażnienie,Brak,24,Vianek Nawilżająca Emulsja Myjąca do Twarzy,Nacomi Next Level Serum Ceramidy 5%,CeraVe Nawilżający Krem do Twarzy,Floslek SUN CARE Krem-żel anti-spot SPF 50,Brak,CeraVe Nawilżający Krem do Twarzy,Bandi - Sebo Care - Pasta Punktowa na Niedoskonałości z Kalaminą,Mediheal NMF Aquaring Ampoule Mask EX,Brak
41,Tłusta,1,Niedoskonałości,Brak,17,Vianek Nawilżająca Emulsja Myjąca do Twarzy,Eveline Cosmetics Beauty & Glow Matujące Serum z Probiotykami,Cetaphil - Pro Oil Control SPF30 - Krem Nawilżająco-Matujący,SVR Sebiaclear Creme SPF 50,BasicLab Serum Zmniejszające Niedoskonałości Z Niacynamidem 5% Redukcja i Zwężenie,Dermedic Melumin,Bandi - Sebo Care - Pasta Punktowa na Niedoskonałości z Kalaminą,Benton Goodbye Redness Centella Łagodząca Maska w Płacie,Nacomi Next Lvl Kwas Salicylowy 2% + Nacomi Biała Glinka do Twarzy Kaolin
42,Sucha,1,Przebarwienia,Brak,20,Żel Tołpa Dermo Face Physio,MIYA Serum z witaminą C na przebarwienia,Bandi Medical Expert Anti Dry Emulsja silnie nawilżająca,Skin79 Waterproof Sun Gel Krem ochronny SPF50,Brak,Dermedic Melumin,Bandi - Sebo Care - Pasta Punktowa na Niedoskonałości z Kalaminą,Benton Goodbye Redness Centella Łagodząca Maska w Płacie,BANDI ANTI DRY peeling kwasowy do twarzy silnie nawilżający
43,Normalna,0,Przebarwienia,Brak,17,CeraVe Nawilżająca emulsja do mycia dla skóry normalnej i suchej,MIYA Serum z witaminą C na przebarwienia,Bielenda Professional SupremeLAB Energetyzująco-Nawilżający Krem z Witaminą C,SVR Sebiaclear Creme SPF 50,Brak,Dermedic Melumin,Bandi - Sebo Care - Pasta Punktowa na Niedoskonałości z Kalaminą,Benton Goodbye Redness Centella Łagodząca Maska w Płacie,TOŁPA DERMO FACE SEBIO peeling 3 enzymy
44,Sucha,1,Przebarwienia,Brak,20,Żel Tołpa Dermo Face Physio,MIYA Serum z witaminą C na przebarwienia,Bandi Medical Expert Anti Dry Emulsja silnie nawilżająca,Skin79 Waterproof Sun Gel Krem ochronny SPF50,Brak,Dermedic Melumin,Bandi - Sebo Care - Pasta Punktowa na Niedoskonałości z Kalaminą,Benton Goodbye Redness Centella Łagodząca Maska w Płacie,BANDI ANTI DRY peeling kwasowy do twarzy silnie nawilżający
45,Normalna,0,Przebarwienia,Podrażnienie,17,Missha - Super Aqua Ultra Hyalron Cleansing Foam,MIYA Serum z witaminą C na przebarwienia,Bielenda Professional SupremeLAB Energetyzująco-Nawilżający Krem z Witaminą C,SVR Sebiaclear Creme SPF 50,Brak,Dermedic Melumin,Bandi - Sebo Care - Pasta Punktowa na Niedoskonałości z Kalaminą,Mediheal NMF Aquaring Ampoule Mask EX,Brak
46,Tłusta,0,Rozszerzone pory,Brak,18,BIELENDA CBD Cannabidiol,BasicLab Serum Zmniejszające Niedoskonałości Z Niacynamidem 5% Redukcja i Zwężenie,Cetaphil - Pro Oil Control SPF30 - Krem Nawilżająco-Matujący,SVR Sebiaclear Creme SPF 50,MIYA COSMETICS BEAUTY LAB serum z prebiotykiem do twarzy,Avene Cleanance Women,Bandi - Sebo Care - Pasta Punktowa na Niedoskonałości z Kalaminą,Mediheal NMF Aquaring Ampoule Mask EX,TOŁPA DERMO FACE SEBIO peeling 3 enzymy
47,Tłusta,0,Rozszerzone pory,Przebarwienia,18,BIELENDA CBD Cannabidiol,MIYA Serum z witaminą C na przebarwienia,Cetaphil - Pro Oil Control SPF30 - Krem Nawilżająco-Matujący,SVR Sebiaclear Creme SPF 50,Brak,Avene Cleanance Women,Bandi - Sebo Care - Pasta Punktowa na Niedoskonałości z Kalaminą,Mediheal NMF Aquaring Ampoule Mask EX,TOŁPA DERMO FACE SEBIO peeling 3 enzymy
48,Sucha,1,Suche skórki,Szara cera,24,BIELENDA CBD Cannabidiol,Nacomi Next Level Serum Ceramidy 5%,Bandi Medical Expert Anti Dry Kremowa kuracja nawilżająco-naprawcza,Skin79 Waterproof Sun Gel Krem ochronny SPF50,Bielenda Hydra Boost nawilżające serum do twarzy,Bielenda Professional SupremeLAB Barrier Renew Odżywczy Krem na Noc z Ceramidami,Bandi - Sebo Care - Pasta Punktowa na Niedoskonałości z Kalaminą,Mediheal NMF Aquaring Ampoule Mask EX,Brak
49,Normalna,0,Szara cera,Brak,18,Żel Tołpa Dermo Face Physio,MIYA Serum z witaminą C na przebarwienia,CeraVe Nawilżający Krem do Twarzy,Skin79 Waterproof Sun Gel Krem ochronny SPF50,Brak,CeraVe Nawilżający Krem do Twarzy,Bandi - Sebo Care - Pasta Punktowa na Niedoskonałości z Kalaminą,Mediheal NMF Aquaring Ampoule Mask EX,TOŁPA DERMO FACE SEBIO peeling 3 enzymy
50,Sucha,1,Szara cera,Suche skórki,16,Vianek Nawilżająca Emulsja Myjąca do Twarzy,MIYA Serum z witaminą C na przebarwienia,CETAPHIL MD DERMOPROTEKTOR,Skin79 Waterproof Sun Gel Krem ochronny SPF50,Brak,SVR Hydraliane,Bandi - Sebo Care - Pasta Punktowa na Niedoskonałości z Kalaminą,SKIN79 Nawilżająca maska algowa Skin Relaxer Algae Modeling Mask Moisturizing,BANDI ANTI DRY peeling kwasowy do twarzy silnie nawilżający
51,Sucha,1,Widoczne naczynka,Brak,20,Żel Tołpa Dermo Face Physio,APIS COUPEROSE-STOP SERUM DLA CERY Z PROBLEMAMI NACZYNKOWYMI,CeraVe Nawilżający Krem do Twarzy,Uriage Roseliane SPF30 krem do cery naczynkowej,Brak,SVR Sensifine AR,Bandi - Sebo Care - Pasta Punktowa na Niedoskonałości z Kalaminą,SKIN79 Nawilżająca maska algowa Skin Relaxer Algae Modeling Mask Moisturizing,BANDI ANTI DRY peeling kwasowy do twarzy silnie nawilżający
52,Normalna,1,Niedoskonałości,Brak,21,CeraVe Nawilżająca emulsja do mycia dla skóry normalnej i suchej,APIS COUPEROSE-STOP SERUM DLA CERY Z PROBLEMAMI NACZYNKOWYMI,BIELENDA CERA NACZYNKOWA REDUKUJĄCY ZACZERWIENIENIA KREM NA DZIEŃ,Uriage Roseliane SPF30 krem do cery naczynkowej,Brak,SVR Sensifine AR,Bandi - Sebo Care - Pasta Punktowa na Niedoskonałości z Kalaminą,Benton Goodbye Redness Centella Łagodząca Maska w Płacie,Brak
53,Sucha,1,Widoczne naczynka,Brak,20,Żel Tołpa Dermo Face Physio,APIS COUPEROSE-STOP SERUM DLA CERY Z PROBLEMAMI NACZYNKOWYMI,CeraVe Nawilżający Krem do Twarzy,Uriage Roseliane SPF30 krem do cery naczynkowej,Brak,SVR Sensifine AR,Bandi - Sebo Care - Pasta Punktowa na Niedoskonałości z Kalaminą,SKIN79 Nawilżająca maska algowa Skin Relaxer Algae Modeling Mask Moisturizing,BANDI ANTI DRY peeling kwasowy do twarzy silnie nawilżający
54,Normalna,1,Widoczne naczynka,Suche skórki,21,Missha - Super Aqua Ultra Hyalron Cleansing Foam,APIS COUPEROSE-STOP SERUM DLA CERY Z PROBLEMAMI NACZYNKOWYMI,BIELENDA CERA NACZYNKOWA REDUKUJĄCY ZACZERWIENIENIA KREM NA DZIEŃ,Uriage Roseliane SPF30 krem do cery naczynkowej,The Ordinary Hyaluronic Acid 2% + B5,SVR Sensifine AR,Bandi - Sebo Care - Pasta Punktowa na Niedoskonałości z Kalaminą,SKIN79 Nawilżająca maska algowa Skin Relaxer Algae Modeling Mask Moisturizing,BANDI ANTI DRY peeling kwasowy do twarzy silnie nawilżający
55,Tłusta,1,Rozszerzone pory,Brak,18,Pharmaceris T Puri-Sebogel - antybakteryjny żel myjący do twarzy,BasicLab Serum Zmniejszające Niedoskonałości Z Niacynamidem 5% Redukcja i Zwężenie,Cetaphil - Pro Oil Control SPF30 - Krem Nawilżająco-Matujący,SVR Sebiaclear Creme SPF 50,MIYA COSMETICS BEAUTY LAB serum z prebiotykiem do twarzy,Avene Cleanance Women,Bandi - Sebo Care - Pasta Punktowa na Niedoskonałości z Kalaminą,Mediheal NMF Aquaring Ampoule Mask EX,TOŁPA DERMO FACE SEBIO peeling 3 enzymy
56,Tłusta,0,Rozszerzone pory,Brak,18,Pharmaceris T Puri-Sebogel - antybakteryjny żel myjący do twarzy,BasicLab Serum Zmniejszające Niedoskonałości Z Niacynamidem 5% Redukcja i Zwężenie,Cetaphil - Pro Oil Control SPF30 - Krem Nawilżająco-Matujący,SVR Sebiaclear Creme SPF 50,MIYA COSMETICS BEAUTY LAB serum z prebiotykiem do twarzy,Avene Cleanance Women,Bandi - Sebo Care - Pasta Punktowa na Niedoskonałości z Kalaminą,Mediheal NMF Aquaring Ampoule Mask EX,TOŁPA DERMO FACE SEBIO peeling 3 enzymy
57,Tłusta,0,Podrażnienie,Brak,24,BIELENDA CBD Cannabidiol,Nacomi Next Level Serum Ceramidy 5%,Bandi - Delicate Care - Kojący Krem Matujący,Floslek SUN CARE Krem-żel anti-spot SPF 50,Bielenda Hydra Boost nawilżające serum do twarzy,Bielenda Professional SupremeLAB Barrier Renew Odżywczy Krem na Noc z Ceramidami,Bandi - Sebo Care - Pasta Punktowa na Niedoskonałości z Kalaminą,Mediheal NMF Aquaring Ampoule Mask EX,Brak
58,Tłusta,1,Niedoskonałości,Podrażnienie,17,BIELENDA CBD Cannabidiol,BasicLab Serum Zmniejszające Niedoskonałości Z Niacynamidem 5% Redukcja i Zwężenie,Cetaphil - Pro Oil Control SPF30 - Krem Nawilżająco-Matujący,SVR Sebiaclear Creme SPF 50,Eveline Cosmetics Beauty & Glow Matujące Serum z Probiotykami,Dermedic Melumin,Bandi - Sebo Care - Pasta Punktowa na Niedoskonałości z Kalaminą,Benton Goodbye Redness Centella Łagodząca Maska w Płacie,Nacomi Next Lvl Kwas Salicylowy 2% + Nacomi Biała Glinka do Twarzy Kaolin
59,Sucha,1,Przebarwienia,Podrażnienie,20,BIELENDA CBD Cannabidiol,MIYA Serum z witaminą C na przebarwienia,Bandi Medical Expert Anti Dry Emulsja silnie nawilżająca,Skin79 Waterproof Sun Gel Krem ochronny SPF50,Brak,Dermedic Melumin,Bandi - Sebo Care - Pasta Punktowa na Niedoskonałości z Kalaminą,Benton Goodbye Redness Centella Łagodząca Maska w Płacie,BANDI ANTI DRY peeling kwasowy do twarzy silnie nawilżający
60,Normalna,0,Przebarwienia,Podrażnienie,17,BIELENDA CBD Cannabidiol,MIYA Serum z witaminą C na przebarwienia,Bielenda Professional SupremeLAB Energetyzująco-Nawilżający Krem z Witaminą C,SVR Sebiaclear Creme SPF 50,Brak,Dermedic Melumin,Bandi - Sebo Care - Pasta Punktowa na Niedoskonałości z Kalaminą,Benton Goodbye Redness Centella Łagodząca Maska w Płacie,TOŁPA DERMO FACE SEBIO peeling 3 enzymy
61,Sucha,1,Przebarwienia,Podrażnienie,20,BIELENDA CBD Cannabidiol,MIYA Serum z witaminą C na przebarwienia,Bandi Medical Expert Anti Dry Emulsja silnie nawilżająca,Skin79 Waterproof Sun Gel Krem ochronny SPF50,Brak,Dermedic Melumin,Bandi - Sebo Care - Pasta Punktowa na Niedoskonałości z Kalaminą,Benton Goodbye Redness Centella Łagodząca Maska w Płacie,BANDI ANTI DRY peeling kwasowy do twarzy silnie nawilżający
62,Normalna,0,Przebarwienia,Brak,17,Missha - Super Aqua Ultra Hyalron Cleansing Foam,MIYA Serum z witaminą C na przebarwienia,Bielenda Professional SupremeLAB Energetyzująco-Nawilżający Krem z Witaminą C,SVR Sebiaclear Creme SPF 50,Brak,Dermedic Melumin,Bandi - Sebo Care - Pasta Punktowa na Niedoskonałości z Kalaminą,Mediheal NMF Aquaring Ampoule Mask EX,Brak
63,Tłusta,0,Rozszerzone pory,Brak,18,BIELENDA CBD Cannabidiol,BasicLab Serum Zmniejszające Niedoskonałości Z Niacynamidem 5% Redukcja i Zwężenie,Cetaphil - Pro Oil Control SPF30 - Krem Nawilżająco-Matujący,SVR Sebiaclear Creme SPF 50,MIYA COSMETICS BEAUTY LAB serum z prebiotykiem do twarzy,Avene Cleanance Women,Bandi - Sebo Care - Pasta Punktowa na Niedoskonałości z Kalaminą,Mediheal NMF Aquaring Ampoule Mask EX,TOŁPA DERMO FACE SEBIO peeling 3 enzymy
64,Tłusta,0,Rozszerzone pory,Przebarwienia,21,Missha - Super Aqua Ultra Hyalron Cleansing Foam,MIYA Serum z witaminą C na przebarwienia,Tołpa - Authentic - Krem Matowa Skóra,SVR Sebiaclear Creme SPF 50,Eveline Cosmetics Beauty & Glow Matujące Serum z Probiotykami,Bandi - Delicate Care - Kojący Krem Matujący,Bandi - Sebo Care - Pasta Punktowa na Niedoskonałości z Kalaminą,Mediheal NMF Aquaring Ampoule Mask EX,TOŁPA DERMO FACE SEBIO peeling 3 enzymy
65,Sucha,0,Suche skórki,Szara cera,24,Missha - Super Aqua Ultra Hyalron Cleansing Foam,MIYA Serum z witaminą C na przebarwienia,CETAPHIL MD DERMOPROTEKTOR,Revox Just Daily Sun Krem przeciwsłoneczny SPF50,Eveline Cosmetics Beauty & Glow Matujące Serum z Probiotykami,SVR Hydraliane,Bandi - Sebo Care - Pasta Punktowa na Niedoskonałości z Kalaminą,SKIN79 Nawilżająca maska algowa Skin Relaxer Algae Modeling Mask Moisturizing,BANDI ANTI DRY peeling kwasowy do twarzy silnie nawilżający
66,Normalna,0,Szara cera,Brak,18,Żel Tołpa Dermo Face Physio,MIYA Serum z witaminą C na przebarwienia,CeraVe Nawilżający Krem do Twarzy,Skin79 Waterproof Sun Gel Krem ochronny SPF50,Eveline Cosmetics Beauty & Glow Matujące Serum z Probiotykami,CeraVe Nawilżający Krem do Twarzy,Bandi - Sebo Care - Pasta Punktowa na Niedoskonałości z Kalaminą,Mediheal NMF Aquaring Ampoule Mask EX,TOŁPA DERMO FACE SEBIO peeling 3 enzymy
67,Sucha,0,Szara cera,Suche skórki,16,Vianek Nawilżająca Emulsja Myjąca do Twarzy,MIYA Serum z witaminą C na przebarwienia,CETAPHIL MD DERMOPROTEKTOR,Skin79 Waterproof Sun Gel Krem ochronny SPF50,Eveline Cosmetics Beauty & Glow Matujące Serum z Probiotykami,SVR Hydraliane,Bandi - Sebo Care - Pasta Punktowa na Niedoskonałości z Kalaminą,SKIN79 Nawilżająca maska algowa Skin Relaxer Algae Modeling Mask Moisturizing,BANDI ANTI DRY peeling kwasowy do twarzy silnie nawilżający
68,Sucha,0,Widoczne naczynka,Brak,20,Żel Tołpa Dermo Face Physio,APIS COUPEROSE-STOP SERUM DLA CERY Z PROBLEMAMI NACZYNKOWYMI,CeraVe Nawilżający Krem do Twarzy,Revox Just Daily Sun Krem przeciwsłoneczny SPF50,MIYA COSMETICS BEAUTY LAB serum z prebiotykiem do twarzy,SVR Sensifine AR,Brak,SKIN79 Nawilżająca maska algowa Skin Relaxer Algae Modeling Mask Moisturizing,BANDI ANTI DRY peeling kwasowy do twarzy silnie nawilżający
69,Normalna,0,Niedoskonałości,Brak,21,CeraVe Nawilżająca emulsja do mycia dla skóry normalnej i suchej,APIS COUPEROSE-STOP SERUM DLA CERY Z PROBLEMAMI NACZYNKOWYMI,BIELENDA CERA NACZYNKOWA REDUKUJĄCY ZACZERWIENIENIA KREM NA DZIEŃ,Revox Just Daily Sun Krem przeciwsłoneczny SPF50,Eveline Cosmetics Beauty & Glow Matujące Serum z Probiotykami,SVR Sensifine AR,Bandi - Sebo Care - Pasta Punktowa na Niedoskonałości z Kalaminą,Benton Goodbye Redness Centella Łagodząca Maska w Płacie,Brak
70,Sucha,0,Widoczne naczynka,Brak,22,Żel Tołpa Dermo Face Physio,APIS COUPEROSE-STOP SERUM DLA CERY Z PROBLEMAMI NACZYNKOWYMI,CeraVe Nawilżający Krem do Twarzy,Revox Just Daily Sun Krem przeciwsłoneczny SPF50,Eveline Cosmetics Beauty & Glow Matujące Serum z Probiotykami,SVR Sensifine AR,Maść z witaminą A,SKIN79 Nawilżająca maska algowa Skin Relaxer Algae Modeling Mask Moisturizing,BANDI ANTI DRY peeling kwasowy do twarzy silnie nawilżający
71,Normalna,0,Widoczne naczynka,Suche skórki,21,Missha - Super Aqua Ultra Hyalron Cleansing Foam,APIS COUPEROSE-STOP SERUM DLA CERY Z PROBLEMAMI NACZYNKOWYMI,BIELENDA CERA NACZYNKOWA REDUKUJĄCY ZACZERWIENIENIA KREM NA DZIEŃ,Uriage Roseliane SPF30 krem do cery naczynkowej,Eveline Cosmetics Beauty & Glow Matujące Serum z Probiotykami,SVR Sensifine AR,Bandi - Sebo Care - Pasta Punktowa na Niedoskonałości z Kalaminą,SKIN79 Nawilżająca maska algowa Skin Relaxer Algae Modeling Mask Moisturizing,BANDI ANTI DRY peeling kwasowy do twarzy silnie nawilżający
72,Tłusta,0,Rozszerzone pory,Brak,18,Pharmaceris T Puri-Sebogel - antybakteryjny żel myjący do twarzy,BasicLab Serum Zmniejszające Niedoskonałości Z Niacynamidem 5% Redukcja i Zwężenie,Cetaphil - Pro Oil Control SPF30 - Krem Nawilżająco-Matujący,SVR Sebiaclear Creme SPF 50,Eveline Cosmetics Beauty & Glow Matujące Serum z Probiotykami,Avene Cleanance Women,Bandi - Sebo Care - Pasta Punktowa na Niedoskonałości z Kalaminą,Mediheal NMF Aquaring Ampoule Mask EX,TOŁPA DERMO FACE SEBIO peeling 3 enzymy
73,Tłusta,1,Rozszerzone pory,Brak,18,Pharmaceris T Puri-Sebogel - antybakteryjny żel myjący do twarzy,BasicLab Serum Zmniejszające Niedoskonałości Z Niacynamidem 5% Redukcja i Zwężenie,Cetaphil - Pro Oil Control SPF30 - Krem Nawilżająco-Matujący,SVR Sebiaclear Creme SPF 50,Eveline Cosmetics Beauty & Glow Matujące Serum z Probiotykami,Avene Cleanance Women,Bandi - Sebo Care - Pasta Punktowa na Niedoskonałości z Kalaminą,Mediheal NMF Aquaring Ampoule Mask EX,TOŁPA DERMO FACE SEBIO peeling 3 enzymy
74,Tłusta,0,Nadprodukcja sebum,Niedoskonałości,22,CeraVe SA Wygładzający Żel do Mycia,Revox Just Niacinamide 10%,Tołpa - Authentic - Krem Matowa Skóra,SVR Sebiaclear Creme SPF 50,Eveline Cosmetics Beauty & Glow Matujące Serum z Probiotykami,SVR Sebiaclear Hydra,Bandi - Sebo Care - Pasta Punktowa na Niedoskonałości z Kalaminą,Bielenda Professional SupremeLAB Microbiome Ratunkowa Maseczka,BANDI ANTI ACNE antytrądzikowy peeling kwasowy do twarzy
75,Mieszana,1,Nadprodukcja sebum,Niedoskonałości,20,CeraVe SA Wygładzający Żel do Mycia,Revox Just Niacinamide 10%,Bandi Medical Expert Anti Dry Emulsja silnie nawilżająca,SVR Sebiaclear Creme SPF 50,Eveline Cosmetics Beauty & Glow Matujące Serum z Probiotykami,SVR Sebiaclear Hydra,Bandi - Sebo Care - Pasta Punktowa na Niedoskonałości z Kalaminą,Nacomi Next Lvl Kwas Salicylowy 2% + Nacomi Biała Glinka do Twarzy Kaolin,BANDI ANTI ACNE antytrądzikowy peeling kwasowy do twarzy
76,Mieszana,1,Nadprodukcja sebum,Niedoskonałości,20,Pharmaceris T Puri-Sebogel - antybakteryjny żel myjący do twarzy,Revox Just Niacinamide 10%,Cetaphil - Pro Oil Control SPF30 - Krem Nawilżająco-Matujący,SVR Sebiaclear Creme SPF 50,Eveline Cosmetics Beauty & Glow Matujące Serum z Probiotykami,Dermedic Melumin,Bandi - Sebo Care - Pasta Punktowa na Niedoskonałości z Kalaminą,Nacomi Next Lvl Kwas Salicylowy 2% + Nacomi Biała Glinka do Twarzy Kaolin,BANDI ANTI ACNE antytrądzikowy peeling kwasowy do twarzy
77,Tłusta,1,Niedoskonałości,Przebarwienia,20,Pharmaceris T Puri-Sebogel - antybakteryjny żel myjący do twarzy,BasicLab Serum Zmniejszające Niedoskonałości Z Niacynamidem 5% Redukcja i Zwężenie,Cetaphil - Pro Oil Control SPF30 - Krem Nawilżająco-Matujący,Revox Just Daily Sun Krem przeciwsłoneczny SPF50,Eveline Cosmetics Beauty & Glow Matujące Serum z Probiotykami,Bandi Medical Expert Anti Dry Kremowa kuracja nawilżająco-naprawcza,Acnederm,Nacomi Next Lvl Kwas Salicylowy 2% + Nacomi Biała Glinka do Twarzy Kaolin,BANDI ANTI ACNE antytrądzikowy peeling kwasowy do twarzy
78,Mieszana,1,Niedoskonałości,Podrażnienie,17,Cetaphil - Pro Oil Control - Oczyszczająca Pianka do Mycia Skóry Tłustej i Mieszanej ,Revox Just Niacinamide 10%,Cetaphil - Pro Oil Control SPF30 - Krem Nawilżająco-Matujący,Revox Just Daily Sun Krem przeciwsłoneczny SPF50,Eveline Cosmetics Beauty & Glow Matujące Serum z Probiotykami,Bandi Medical Expert Anti Dry Emulsja silnie nawilżająca,Bandi - Sebo Care - Pasta Punktowa na Niedoskonałości z Kalaminą,Nacomi Next Lvl Kwas Salicylowy 2% + Nacomi Biała Glinka do Twarzy Kaolin,Brak
79,Tłusta,1,Niedoskonałości,Przebarwienia,20,Pharmaceris T Puri-Sebogel - antybakteryjny żel myjący do twarzy,BasicLab Serum Zmniejszające Niedoskonałości Z Niacynamidem 5% Redukcja i Zwężenie,Tołpa - Dermo Face Strefa T - Matujący Krem-Żel Nawilżający,Revox Just Daily Sun Krem przeciwsłoneczny SPF50,Eveline Cosmetics Beauty & Glow Matujące Serum z Probiotykami,Avene Cleanance Women,Acnederm,Nacomi Next Lvl Kwas Salicylowy 2% + Nacomi Biała Glinka do Twarzy Kaolin,BANDI ANTI ACNE antytrądzikowy peeling kwasowy do twarzy
80,Mieszana,1,Niedoskonałości,Podrażnienie,21,Cetaphil - Pro Oil Control - Oczyszczająca Pianka do Mycia Skóry Tłustej i Mieszanej ,Revox Just Niacinamide 10%,Cetaphil - Pro Oil Control SPF30 - Krem Nawilżająco-Matujący,Skin79 Waterproof Sun Gel Krem ochronny SPF50,Eveline Cosmetics Beauty & Glow Matujące Serum z Probiotykami,Bandi Medical Expert Anti Dry Emulsja silnie nawilżająca,Bandi - Sebo Care - Pasta Punktowa na Niedoskonałości z Kalaminą,Nacomi Next Lvl Kwas Salicylowy 2% + Nacomi Biała Glinka do Twarzy Kaolin,Brak
81,Normalna,1,Podrażnienie,Brak,20,BIELENDA CBD Cannabidiol,Nacomi Next Level Serum Ceramidy 5%,Bandi Medical Expert Anti Dry Emulsja silnie nawilżająca,Floslek SUN CARE Krem-żel anti-spot SPF 50,Eveline Cosmetics Beauty & Glow Matujące Serum z Probiotykami,Bandi Medical Expert Anti Dry Emulsja silnie nawilżająca,Bandi - Sebo Care - Pasta Punktowa na Niedoskonałości z Kalaminą,Mediheal NMF Aquaring Ampoule Mask EX,Brak
82,Mieszana,1,Podrażnienie,Suche skórki,16,Vianek Nawilżająca Emulsja Myjąca do Twarzy,Nacomi Next Level Serum Ceramidy 5%,Bandi Medical Expert Anti Dry Emulsja silnie nawilżająca,Skin79 Waterproof Sun Gel Krem ochronny SPF50,Eveline Cosmetics Beauty & Glow Matujące Serum z Probiotykami,Bandi Medical Expert Anti Dry Emulsja silnie nawilżająca,Bandi - Sebo Care - Pasta Punktowa na Niedoskonałości z Kalaminą,SKIN79 Nawilżająca maska algowa Skin Relaxer Algae Modeling Mask Moisturizing,BANDI ANTI DRY peeling kwasowy do twarzy silnie nawilżający
83,Mieszana,0,Podrażnienie,Brak,20,Vianek Nawilżająca Emulsja Myjąca do Twarzy,Nacomi Next Level Serum Ceramidy 5%,CeraVe Nawilżający Krem do Twarzy,Floslek SUN CARE Krem-żel anti-spot SPF 50,Eveline Cosmetics Beauty & Glow Matujące Serum z Probiotykami,CeraVe Nawilżający Krem do Twarzy,Bandi - Sebo Care - Pasta Punktowa na Niedoskonałości z Kalaminą,SKIN79 Nawilżająca maska algowa Skin Relaxer Algae Modeling Mask Moisturizing,BANDI ANTI DRY peeling kwasowy do twarzy silnie nawilżający
84,Normalna,0,Podrażnienie,Suche skórki,20,Missha - Super Aqua Ultra Hyalron Cleansing Foam,Nacomi Next Level Serum Ceramidy 5%,Bandi Medical Expert Anti Dry Emulsja silnie nawilżająca,Floslek SUN CARE Krem-żel anti-spot SPF 50,Eveline Cosmetics Beauty & Glow Matujące Serum z Probiotykami,Bandi Medical Expert Anti Dry Emulsja silnie nawilżająca,Bandi - Sebo Care - Pasta Punktowa na Niedoskonałości z Kalaminą,SKIN79 Nawilżająca maska algowa Skin Relaxer Algae Modeling Mask Moisturizing,BANDI ANTI DRY peeling kwasowy do twarzy silnie nawilżający
85,Mieszana,1,Podrażnienie,Suche skórki,16,Vianek Nawilżająca Emulsja Myjąca do Twarzy,Nacomi Next Level Serum Ceramidy 5%,Bandi Medical Expert Anti Dry Emulsja silnie nawilżająca,Skin79 Waterproof Sun Gel Krem ochronny SPF50,Eveline Cosmetics Beauty & Glow Matujące Serum z Probiotykami,Bandi Medical Expert Anti Dry Emulsja silnie nawilżająca,Bandi - Sebo Care - Pasta Punktowa na Niedoskonałości z Kalaminą,Mediheal NMF Aquaring Ampoule Mask EX,BANDI ANTI DRY peeling kwasowy do twarzy silnie nawilżający
86,Mieszana,0,Podrażnienie,Brak,24,Vianek Nawilżająca Emulsja Myjąca do Twarzy,Nacomi Next Level Serum Ceramidy 5%,CeraVe Nawilżający Krem do Twarzy,Floslek SUN CARE Krem-żel anti-spot SPF 50,Eveline Cosmetics Beauty & Glow Matujące Serum z Probiotykami,CeraVe Nawilżający Krem do Twarzy,Bandi - Sebo Care - Pasta Punktowa na Niedoskonałości z Kalaminą,Mediheal NMF Aquaring Ampoule Mask EX,Brak
87,Tłusta,1,Przebarwienia,Niedoskonałości,17,Pharmaceris T Puri-Sebogel - antybakteryjny żel myjący do twarzy,MIYA Serum z witaminą C na przebarwienia,Bielenda Professional SupremeLAB Energetyzująco-Nawilżający Krem z Witaminą C,SVR Sebiaclear Creme SPF 50,Eveline Cosmetics Beauty & Glow Matujące Serum z Probiotykami,Dermedic Melumin,Bandi - Sebo Care - Pasta Punktowa na Niedoskonałości z Kalaminą,Mediheal NMF Aquaring Ampoule Mask EX,BANDI ANTI ACNE antytrądzikowy peeling kwasowy do twarzy
88,Sucha,1,Przebarwienia,Brak,20,Żel Tołpa Dermo Face Physio,MIYA Serum z witaminą C na przebarwienia,Bandi Medical Expert Anti Dry Emulsja silnie nawilżająca,Skin79 Waterproof Sun Gel Krem ochronny SPF50,Eveline Cosmetics Beauty & Glow Matujące Serum z Probiotykami,Dermedic Melumin,Bandi - Sebo Care - Pasta Punktowa na Niedoskonałości z Kalaminą,Mediheal NMF Aquaring Ampoule Mask EX,BANDI ANTI DRY peeling kwasowy do twarzy silnie nawilżający
89,Normalna,0,Przebarwienia,Brak,17,CeraVe Nawilżająca emulsja do mycia dla skóry normalnej i suchej,MIYA Serum z witaminą C na przebarwienia,Bielenda Professional SupremeLAB Energetyzująco-Nawilżający Krem z Witaminą C,SVR Sebiaclear Creme SPF 50,Eveline Cosmetics Beauty & Glow Matujące Serum z Probiotykami,Dermedic Melumin,Bandi - Sebo Care - Pasta Punktowa na Niedoskonałości z Kalaminą,Mediheal NMF Aquaring Ampoule Mask EX,TOŁPA DERMO FACE SEBIO peeling 3 enzymy
90,Sucha,1,Przebarwienia,Brak,20,Żel Tołpa Dermo Face Physio,MIYA Serum z witaminą C na przebarwienia,Bandi Medical Expert Anti Dry Emulsja silnie nawilżająca,Skin79 Waterproof Sun Gel Krem ochronny SPF50,Eveline Cosmetics Beauty & Glow Matujące Serum z Probiotykami,Dermedic Melumin,Bandi - Sebo Care - Pasta Punktowa na Niedoskonałości z Kalaminą,Mediheal NMF Aquaring Ampoule Mask EX,BANDI ANTI DRY peeling kwasowy do twarzy silnie nawilżający
91,Normalna,0,Przebarwienia,Podrażnienie,17,Missha - Super Aqua Ultra Hyalron Cleansing Foam,MIYA Serum z witaminą C na przebarwienia,Bielenda Professional SupremeLAB Energetyzująco-Nawilżający Krem z Witaminą C,SVR Sebiaclear Creme SPF 50,Eveline Cosmetics Beauty & Glow Matujące Serum z Probiotykami,Dermedic Melumin,Bandi - Sebo Care - Pasta Punktowa na Niedoskonałości z Kalaminą,SKIN79 Nawilżająca maska algowa Skin Relaxer Algae Modeling Mask Moisturizing,Brak
92,Tłusta,1,Rozszerzone pory,Brak,18,BIELENDA CBD Cannabidiol,BasicLab Serum Zmniejszające Niedoskonałości Z Niacynamidem 5% Redukcja i Zwężenie,Cetaphil - Pro Oil Control SPF30 - Krem Nawilżająco-Matujący,SVR Sebiaclear Creme SPF 50,Eveline Cosmetics Beauty & Glow Matujące Serum z Probiotykami,Avene Cleanance Women,Bandi - Sebo Care - Pasta Punktowa na Niedoskonałości z Kalaminą,Mediheal NMF Aquaring Ampoule Mask EX,TOŁPA DERMO FACE SEBIO peeling 3 enzymy
93,Tłusta,1,Rozszerzone pory,Przebarwienia,19,BIELENDA CBD Cannabidiol,MIYA Serum z witaminą C na przebarwienia,Tołpa - Authentic - Krem Matowa Skóra,Missha - All-Around Safe Block Aqua Sun Gel SPF50+/PA++++,Eveline Cosmetics Beauty & Glow Matujące Serum z Probiotykami,Bielenda Professional SupremeLAB Barrier Renew Odżywczy Krem na Noc z Ceramidami,Bandi - Sebo Care - Pasta Punktowa na Niedoskonałości z Kalaminą,Mediheal NMF Aquaring Ampoule Mask EX,TOŁPA DERMO FACE SEBIO peeling 3 enzymy
94,Sucha,1,Suche skórki,Szara cera,24,BIELENDA CBD Cannabidiol,Nacomi Next Level Serum Ceramidy 5%,Bandi Medical Expert Anti Dry Kremowa kuracja nawilżająco-naprawcza,Missha - All-Around Safe Block Aqua Sun Gel SPF50+/PA++++,Bielenda Hydra Boost nawilżające serum do twarzy,Bielenda Professional SupremeLAB Barrier Renew Odżywczy Krem na Noc z Ceramidami,Bandi - Sebo Care - Pasta Punktowa na Niedoskonałości z Kalaminą,Mediheal NMF Aquaring Ampoule Mask EX,Brak
95,Normalna,0,Szara cera,Brak,18,Żel Tołpa Dermo Face Physio,MIYA Serum z witaminą C na przebarwienia,CeraVe Nawilżający Krem do Twarzy,Missha - All-Around Safe Block Aqua Sun Gel SPF50+/PA++++,Brak,Bielenda Professional SupremeLAB Barrier Renew Odżywczy Krem na Noc z Ceramidami,Bandi - Sebo Care - Pasta Punktowa na Niedoskonałości z Kalaminą,Mediheal NMF Aquaring Ampoule Mask EX,TOŁPA DERMO FACE SEBIO peeling 3 enzymy
96,Sucha,1,Szara cera,Suche skórki,16,Vianek Nawilżająca Emulsja Myjąca do Twarzy,Nacomi Next Level Serum Ceramidy 5%,CETAPHIL MD DERMOPROTEKTOR,Missha - All-Around Safe Block Aqua Sun Gel SPF50+/PA++++,Brak,Bielenda Professional SupremeLAB Barrier Renew Odżywczy Krem na Noc z Ceramidami,Bandi - Sebo Care - Pasta Punktowa na Niedoskonałości z Kalaminą,Nacomi Next Lvl Kwas Salicylowy 2% + Nacomi Biała Glinka do Twarzy Kaolin,BANDI ANTI DRY peeling kwasowy do twarzy silnie nawilżający
97,Sucha,1,Widoczne naczynka,Brak,20,Żel Tołpa Dermo Face Physio,APIS COUPEROSE-STOP SERUM DLA CERY Z PROBLEMAMI NACZYNKOWYMI,CeraVe Nawilżający Krem do Twarzy,Missha - All-Around Safe Block Aqua Sun Gel SPF50+/PA++++,Brak,Bielenda Professional SupremeLAB Barrier Renew Odżywczy Krem na Noc z Ceramidami,Bandi - Sebo Care - Pasta Punktowa na Niedoskonałości z Kalaminą,SKIN79 Nawilżająca maska algowa Skin Relaxer Algae Modeling Mask Moisturizing,BANDI ANTI DRY peeling kwasowy do twarzy silnie nawilżający
98,Normalna,1,Widoczne naczynka,Brak,21,CeraVe Nawilżająca emulsja do mycia dla skóry normalnej i suchej,APIS COUPEROSE-STOP SERUM DLA CERY Z PROBLEMAMI NACZYNKOWYMI,BIELENDA CERA NACZYNKOWA REDUKUJĄCY ZACZERWIENIENIA KREM NA DZIEŃ,Missha - All-Around Safe Block Aqua Sun Gel SPF50+/PA++++,Brak,Bielenda Professional SupremeLAB Barrier Renew Odżywczy Krem na Noc z Ceramidami,Bandi - Sebo Care - Pasta Punktowa na Niedoskonałości z Kalaminą,SKIN79 Nawilżająca maska algowa Skin Relaxer Algae Modeling Mask Moisturizing,Brak
99,Sucha,1,Widoczne naczynka,Brak,20,Żel Tołpa Dermo Face Physio,APIS COUPEROSE-STOP SERUM DLA CERY Z PROBLEMAMI NACZYNKOWYMI,CeraVe Nawilżający Krem do Twarzy,Missha - All-Around Safe Block Aqua Sun Gel SPF50+/PA++++,Brak,Bielenda Professional SupremeLAB Barrier Renew Odżywczy Krem na Noc z Ceramidami,Bandi - Sebo Care - Pasta Punktowa na Niedoskonałości z Kalaminą,Mediheal NMF Aquaring Ampoule Mask EX,BANDI ANTI DRY peeling kwasowy do twarzy silnie nawilżający
100,Normalna,1,Widoczne naczynka,Suche skórki,21,Missha - Super Aqua Ultra Hyalron Cleansing Foam,APIS COUPEROSE-STOP SERUM DLA CERY Z PROBLEMAMI NACZYNKOWYMI,BIELENDA CERA NACZYNKOWA REDUKUJĄCY ZACZERWIENIENIA KREM NA DZIEŃ,Missha - All-Around Safe Block Aqua Sun Gel SPF50+/PA++++,The Ordinary Hyaluronic Acid 2% + B5,Bielenda Professional SupremeLAB Barrier Renew Odżywczy Krem na Noc z Ceramidami,Bandi - Sebo Care - Pasta Punktowa na Niedoskonałości z Kalaminą,SKIN79 Nawilżająca maska algowa Skin Relaxer Algae Modeling Mask Moisturizing,BANDI ANTI DRY peeling kwasowy do twarzy silnie nawilżający
101,Tłusta,0,Nadprodukcja sebum,Niedoskonałości,21,CeraVe SA Wygładzający Żel do Mycia,Revox Just Niacinamide 10%,CeraVe Nawilżający Krem do Twarzy,Missha - All-Around Safe Block Aqua Sun Gel SPF50+/PA++++,The Ordinary - Niacinamide 10% + Zinc 1% - Serum z Witaminą B3 i Cynkiem,Bielenda Professional SupremeLAB Barrier Renew Odżywczy Krem na Noc z Ceramidami,Bandi - Sebo Care - Pasta Punktowa na Niedoskonałości z Kalaminą,Nacomi Next Lvl Kwas Salicylowy 2% + Nacomi Biała Glinka do Twarzy Kaolin,Brak
102,Mieszana,1,Nadprodukcja sebum,Niedoskonałości,20,CeraVe SA Wygładzający Żel do Mycia,Revox Just Niacinamide 10%,Bandi Medical Expert Anti Dry Emulsja silnie nawilżająca,Missha - All-Around Safe Block Aqua Sun Gel SPF50+/PA++++,The Ordinary - Niacinamide 10% + Zinc 1% - Serum z Witaminą B3 i Cynkiem,Bielenda Professional SupremeLAB Barrier Renew Odżywczy Krem na Noc z Ceramidami,Acnederm,Nacomi Next Lvl Kwas Salicylowy 2% + Nacomi Biała Glinka do Twarzy Kaolin,BANDI ANTI ACNE antytrądzikowy peeling kwasowy do twarzy
103,Mieszana,1,Nadprodukcja sebum,Niedoskonałości,20,Pharmaceris T Puri-Sebogel - antybakteryjny żel myjący do twarzy,Revox Just Niacinamide 10%,Cetaphil - Pro Oil Control SPF30 - Krem Nawilżająco-Matujący,Missha - All-Around Safe Block Aqua Sun Gel SPF50+/PA++++,The Ordinary - Niacinamide 10% + Zinc 1% - Serum z Witaminą B3 i Cynkiem,Bielenda Professional SupremeLAB Barrier Renew Odżywczy Krem na Noc z Ceramidami,Acnederm,Mediheal NMF Aquaring Ampoule Mask EX,BANDI ANTI ACNE antytrądzikowy peeling kwasowy do twarzy
104,Tłusta,0,Niedoskonałości,Przebarwienia,20,Neutrogena Visibly Clear Clear & Defend Facial Wash,BasicLab Serum Zmniejszające Niedoskonałości Z Niacynamidem 5% Redukcja i Zwężenie,Tołpa - Dermo Face Strefa T - Matujący Krem-Żel Nawilżający,Missha - All-Around Safe Block Aqua Sun Gel SPF50+/PA++++,The Ordinary - Niacinamide 10% + Zinc 1% - Serum z Witaminą B3 i Cynkiem,Bielenda Professional SupremeLAB Barrier Renew Odżywczy Krem na Noc z Ceramidami,Acnederm,Nacomi Next Lvl Kwas Salicylowy 2% + Nacomi Biała Glinka do Twarzy Kaolin,TOŁPA DERMO FACE SEBIO peeling 3 enzymy
105,Mieszana,0,Niedoskonałości,Podrażnienie,17,Cetaphil - Pro Oil Control - Oczyszczająca Pianka do Mycia Skóry Tłustej i Mieszanej ,Revox Just Niacinamide 10%,Cetaphil - Pro Oil Control SPF30 - Krem Nawilżająco-Matujący,Missha - All-Around Safe Block Aqua Sun Gel SPF50+/PA++++,MIYA COSMETICS BEAUTY LAB serum z prebiotykiem do twarzy,Bielenda Professional SupremeLAB Barrier Renew Odżywczy Krem na Noc z Ceramidami,Acnederm,Nacomi Next Lvl Kwas Salicylowy 2% + Nacomi Biała Glinka do Twarzy Kaolin,Brak
106,Tłusta,0,Niedoskonałości,Brak,20,Pharmaceris T Puri-Sebogel - antybakteryjny żel myjący do twarzy,Eveline Cosmetics Beauty & Glow Matujące Serum z Probiotykami,Tołpa - Dermo Face Strefa T - Matujący Krem-Żel Nawilżający,Missha - All-Around Safe Block Aqua Sun Gel SPF50+/PA++++,BasicLab Serum Zmniejszające Niedoskonałości Z Niacynamidem 5% Redukcja i Zwężenie,Bielenda Professional SupremeLAB Barrier Renew Odżywczy Krem na Noc z Ceramidami,Acnederm,Benton Goodbye Redness Centella Łagodząca Maska w Płacie,TOŁPA DERMO FACE SEBIO peeling 3 enzymy
107,Mieszana,0,Niedoskonałości,Podrażnienie,21,Cetaphil - Pro Oil Control - Oczyszczająca Pianka do Mycia Skóry Tłustej i Mieszanej ,Revox Just Niacinamide 10%,Cetaphil - Pro Oil Control SPF30 - Krem Nawilżająco-Matujący,Missha - All-Around Safe Block Aqua Sun Gel SPF50+/PA++++,Brak,Bielenda Professional SupremeLAB Barrier Renew Odżywczy Krem na Noc z Ceramidami,Acnederm,Benton Goodbye Redness Centella Łagodząca Maska w Płacie,Brak
108,Normalna,0,Podrażnienie,Brak,20,BIELENDA CBD Cannabidiol,Nacomi Next Level Serum Ceramidy 5%,Bandi Medical Expert Anti Dry Emulsja silnie nawilżająca,Missha - All-Around Safe Block Aqua Sun Gel SPF50+/PA++++,The Ordinary Hyaluronic Acid 2% + B5,Bielenda Professional SupremeLAB Barrier Renew Odżywczy Krem na Noc z Ceramidami,Brak,Mediheal NMF Aquaring Ampoule Mask EX,Brak
109,Mieszana,0,Podrażnienie,Suche skórki,16,Vianek Nawilżająca Emulsja Myjąca do Twarzy,Nacomi Next Level Serum Ceramidy 5%,Bandi Medical Expert Anti Dry Emulsja silnie nawilżająca,Missha - All-Around Safe Block Aqua Sun Gel SPF50+/PA++++,The Ordinary Hyaluronic Acid 2% + B5,Bielenda Professional SupremeLAB Barrier Renew Odżywczy Krem na Noc z Ceramidami,Brak,SKIN79 Nawilżająca maska algowa Skin Relaxer Algae Modeling Mask Moisturizing,BANDI ANTI DRY peeling kwasowy do twarzy silnie nawilżający
110,Mieszana,0,Podrażnienie,Brak,20,Vianek Nawilżająca Emulsja Myjąca do Twarzy,Nacomi Next Level Serum Ceramidy 5%,CeraVe Nawilżający Krem do Twarzy,Missha - All-Around Safe Block Aqua Sun Gel SPF50+/PA++++,Brak,Bielenda Professional SupremeLAB Barrier Renew Odżywczy Krem na Noc z Ceramidami,Brak,Mediheal NMF Aquaring Ampoule Mask EX,BANDI ANTI DRY peeling kwasowy do twarzy silnie nawilżający
111,Normalna,0,Podrażnienie,Suche skórki,20,Missha - Super Aqua Ultra Hyalron Cleansing Foam,Nacomi Next Level Serum Ceramidy 5%,Bandi Medical Expert Anti Dry Emulsja silnie nawilżająca,Missha - All-Around Safe Block Aqua Sun Gel SPF50+/PA++++,The Ordinary Hyaluronic Acid 2% + B5,Bielenda Professional SupremeLAB Barrier Renew Odżywczy Krem na Noc z Ceramidami,Maść z witaminą A,SKIN79 Nawilżająca maska algowa Skin Relaxer Algae Modeling Mask Moisturizing,BANDI ANTI DRY peeling kwasowy do twarzy silnie nawilżający
112,Mieszana,1,Podrażnienie,Suche skórki,16,Vianek Nawilżająca Emulsja Myjąca do Twarzy,Nacomi Next Level Serum Ceramidy 5%,Bandi Medical Expert Anti Dry Emulsja silnie nawilżająca,Missha - All-Around Safe Block Aqua Sun Gel SPF50+/PA++++,MIYA COSMETICS BEAUTY LAB serum z prebiotykiem do twarzy,Bielenda Professional SupremeLAB Barrier Renew Odżywczy Krem na Noc z Ceramidami,Brak,Mediheal NMF Aquaring Ampoule Mask EX,BANDI ANTI DRY peeling kwasowy do twarzy silnie nawilżający
113,Mieszana,0,Podrażnienie,Brak,24,Vianek Nawilżająca Emulsja Myjąca do Twarzy,Nacomi Next Level Serum Ceramidy 5%,CeraVe Nawilżający Krem do Twarzy,Missha - All-Around Safe Block Aqua Sun Gel SPF50+/PA++++,Brak,Bielenda Professional SupremeLAB Barrier Renew Odżywczy Krem na Noc z Ceramidami,Brak,Mediheal NMF Aquaring Ampoule Mask EX,Brak
114,Tłusta,1,Niedoskonałości,Brak,17,BIELENDA CBD Cannabidiol,Eveline Cosmetics Beauty & Glow Matujące Serum z Probiotykami,Cetaphil - Pro Oil Control SPF30 - Krem Nawilżająco-Matujący,Missha - All-Around Safe Block Aqua Sun Gel SPF50+/PA++++,BasicLab Serum Zmniejszające Niedoskonałości Z Niacynamidem 5% Redukcja i Zwężenie,Bielenda Professional SupremeLAB Barrier Renew Odżywczy Krem na Noc z Ceramidami,Acnederm,Benton Goodbye Redness Centella Łagodząca Maska w Płacie,BANDI ANTI ACNE antytrądzikowy peeling kwasowy do twarzy
115,Sucha,1,Przebarwienia,Brak,20,Żel Tołpa Dermo Face Physio,MIYA Serum z witaminą C na przebarwienia,Bandi Medical Expert Anti Dry Emulsja silnie nawilżająca,Missha - All-Around Safe Block Aqua Sun Gel SPF50+/PA++++,Brak,Bielenda Professional SupremeLAB Barrier Renew Odżywczy Krem na Noc z Ceramidami,Brak,Benton Goodbye Redness Centella Łagodząca Maska w Płacie,BANDI ANTI DRY peeling kwasowy do twarzy silnie nawilżający
116,Normalna,0,Przebarwienia,Brak,17,CeraVe Nawilżająca emulsja do mycia dla skóry normalnej i suchej,MIYA Serum z witaminą C na przebarwienia,Bielenda Professional SupremeLAB Energetyzująco-Nawilżający Krem z Witaminą C,Missha - All-Around Safe Block Aqua Sun Gel SPF50+/PA++++,Brak,Bielenda Professional SupremeLAB Barrier Renew Odżywczy Krem na Noc z Ceramidami,Brak,Benton Goodbye Redness Centella Łagodząca Maska w Płacie,TOŁPA DERMO FACE SEBIO peeling 3 enzymy
117,Sucha,1,Przebarwienia,Brak,20,Żel Tołpa Dermo Face Physio,MIYA Serum z witaminą C na przebarwienia,Bandi Medical Expert Anti Dry Emulsja silnie nawilżająca,Missha - All-Around Safe Block Aqua Sun Gel SPF50+/PA++++,Brak,Bielenda Professional SupremeLAB Barrier Renew Odżywczy Krem na Noc z Ceramidami,Brak,Benton Goodbye Redness Centella Łagodząca Maska w Płacie,BANDI ANTI DRY peeling kwasowy do twarzy silnie nawilżający
118,Normalna,0,Przebarwienia,Podrażnienie,17,Missha - Super Aqua Ultra Hyalron Cleansing Foam,MIYA Serum z witaminą C na przebarwienia,Bielenda Professional SupremeLAB Energetyzująco-Nawilżający Krem z Witaminą C,Missha - All-Around Safe Block Aqua Sun Gel SPF50+/PA++++,Brak,Bielenda Professional SupremeLAB Barrier Renew Odżywczy Krem na Noc z Ceramidami,Brak,Mediheal NMF Aquaring Ampoule Mask EX,Brak
119,Tłusta,0,Rozszerzone pory,Brak,18,BIELENDA CBD Cannabidiol,BasicLab Serum Zmniejszające Niedoskonałości Z Niacynamidem 5% Redukcja i Zwężenie,Cetaphil - Pro Oil Control SPF30 - Krem Nawilżająco-Matujący,Missha - All-Around Safe Block Aqua Sun Gel SPF50+/PA++++,MIYA COSMETICS BEAUTY LAB serum z prebiotykiem do twarzy,Bielenda Professional SupremeLAB Barrier Renew Odżywczy Krem na Noc z Ceramidami,Acnederm,Mediheal NMF Aquaring Ampoule Mask EX,TOŁPA DERMO FACE SEBIO peeling 3 enzymy
120,Tłusta,0,Rozszerzone pory,Przebarwienia,22,Missha - Super Aqua Ultra Hyalron Cleansing Foam,MIYA Serum z witaminą C na przebarwienia,Cetaphil - Pro Oil Control SPF30 - Krem Nawilżająco-Matujący,Missha - All-Around Safe Block Aqua Sun Gel SPF50+/PA++++,Brak,Bielenda Professional SupremeLAB Barrier Renew Odżywczy Krem na Noc z Ceramidami,Acnederm,Nacomi Next Lvl Kwas Salicylowy 2% + Nacomi Biała Glinka do Twarzy Kaolin,Brak
121,Sucha,0,Suche skórki,Szara cera,24,Missha - Super Aqua Ultra Hyalron Cleansing Foam,MIYA Serum z witaminą C na przebarwienia,CETAPHIL MD DERMOPROTEKTOR,Skin79 Waterproof Sun Gel Krem ochronny SPF50,The Ordinary Hyaluronic Acid 2% + B5,SVR Hydraliane,Maść z witaminą A,Nacomi Next Lvl Kwas Salicylowy 2% + Nacomi Biała Glinka do Twarzy Kaolin,BANDI ANTI DRY peeling kwasowy do twarzy silnie nawilżający
122,Normalna,0,Szara cera,Brak,18,Żel Tołpa Dermo Face Physio,MIYA Serum z witaminą C na przebarwienia,CeraVe Nawilżający Krem do Twarzy,Skin79 Waterproof Sun Gel Krem ochronny SPF50,Brak,CeraVe Nawilżający Krem do Twarzy,Brak,Nacomi Next Lvl Kwas Salicylowy 2% + Nacomi Biała Glinka do Twarzy Kaolin,TOŁPA DERMO FACE SEBIO peeling 3 enzymy
123,Sucha,1,Szara cera,Suche skórki,16,Vianek Nawilżająca Emulsja Myjąca do Twarzy,MIYA Serum z witaminą C na przebarwienia,CETAPHIL MD DERMOPROTEKTOR,Skin79 Waterproof Sun Gel Krem ochronny SPF50,Brak,SVR Hydraliane,Maść z witaminą A,Nacomi Next Lvl Kwas Salicylowy 2% + Nacomi Biała Glinka do Twarzy Kaolin,BANDI ANTI DRY peeling kwasowy do twarzy silnie nawilżający
124,Sucha,1,Widoczne naczynka,Brak,17,Vianek Nawilżająca Emulsja Myjąca do Twarzy,APIS COUPEROSE-STOP SERUM DLA CERY Z PROBLEMAMI NACZYNKOWYMI,BIELENDA CERA NACZYNKOWA REDUKUJĄCY ZACZERWIENIENIA KREM NA DZIEŃ,Uriage Roseliane SPF30 krem do cery naczynkowej,Bielenda Hydra Boost nawilżające serum do twarzy,SVR Sensifine AR,Brak,Nacomi Next Lvl Kwas Salicylowy 2% + Nacomi Biała Glinka do Twarzy Kaolin,BANDI ANTI DRY peeling kwasowy do twarzy silnie nawilżający
125,Normalna,1,Niedoskonałości,Brak,21,CeraVe Nawilżająca emulsja do mycia dla skóry normalnej i suchej,APIS COUPEROSE-STOP SERUM DLA CERY Z PROBLEMAMI NACZYNKOWYMI,BIELENDA CERA NACZYNKOWA REDUKUJĄCY ZACZERWIENIENIA KREM NA DZIEŃ,Uriage Roseliane SPF30 krem do cery naczynkowej,Bielenda Hydra Boost nawilżające serum do twarzy,SVR Sensifine AR,Acnederm,Nacomi Next Lvl Kwas Salicylowy 2% + Nacomi Biała Glinka do Twarzy Kaolin,Brak
126,Sucha,1,Widoczne naczynka,Brak,24,Vianek Nawilżająca Emulsja Myjąca do Twarzy,APIS COUPEROSE-STOP SERUM DLA CERY Z PROBLEMAMI NACZYNKOWYMI,BIELENDA CERA NACZYNKOWA REDUKUJĄCY ZACZERWIENIENIA KREM NA DZIEŃ,Uriage Roseliane SPF30 krem do cery naczynkowej,MIYA COSMETICS BEAUTY LAB serum z prebiotykiem do twarzy,SVR Sensifine AR,Maść z witaminą A,Nacomi Next Lvl Kwas Salicylowy 2% + Nacomi Biała Glinka do Twarzy Kaolin,BANDI ANTI DRY peeling kwasowy do twarzy silnie nawilżający
127,Normalna,1,Widoczne naczynka,Suche skórki,21,Missha - Super Aqua Ultra Hyalron Cleansing Foam,APIS COUPEROSE-STOP SERUM DLA CERY Z PROBLEMAMI NACZYNKOWYMI,BIELENDA CERA NACZYNKOWA REDUKUJĄCY ZACZERWIENIENIA KREM NA DZIEŃ,Uriage Roseliane SPF30 krem do cery naczynkowej,Bielenda Hydra Boost nawilżające serum do twarzy,SVR Sensifine AR,Maść z witaminą A,Nacomi Next Lvl Kwas Salicylowy 2% + Nacomi Biała Glinka do Twarzy Kaolin,BANDI ANTI DRY peeling kwasowy do twarzy silnie nawilżający
128,Tłusta,1,Rozszerzone pory,Brak,18,Pharmaceris T Puri-Sebogel - antybakteryjny żel myjący do twarzy,BasicLab Serum Zmniejszające Niedoskonałości Z Niacynamidem 5% Redukcja i Zwężenie,Cetaphil - Pro Oil Control SPF30 - Krem Nawilżająco-Matujący,SVR Sebiaclear Creme SPF 50,Bielenda Hydra Boost nawilżające serum do twarzy,Avene Cleanance Women,Acnederm,Nacomi Next Lvl Kwas Salicylowy 2% + Nacomi Biała Glinka do Twarzy Kaolin,TOŁPA DERMO FACE SEBIO peeling 3 enzymy
129,Tłusta,0,Rozszerzone pory,Brak,18,Pharmaceris T Puri-Sebogel - antybakteryjny żel myjący do twarzy,BasicLab Serum Zmniejszające Niedoskonałości Z Niacynamidem 5% Redukcja i Zwężenie,Cetaphil - Pro Oil Control SPF30 - Krem Nawilżająco-Matujący,SVR Sebiaclear Creme SPF 50,Bielenda Hydra Boost nawilżające serum do twarzy,Avene Cleanance Women,Acnederm,Nacomi Next Lvl Kwas Salicylowy 2% + Nacomi Biała Glinka do Twarzy Kaolin,TOŁPA DERMO FACE SEBIO peeling 3 enzymy
130,Tłusta,0,Podrażnienie,Brak,24,BIELENDA CBD Cannabidiol,Nacomi Next Level Serum Ceramidy 5%,CeraVe Nawilżający Krem do Twarzy,Revox Just Daily Sun Krem przeciwsłoneczny SPF50,Bielenda Hydra Boost nawilżające serum do twarzy,CeraVe Nawilżający Krem do Twarzy,Brak,Nacomi Next Lvl Kwas Salicylowy 2% + Nacomi Biała Glinka do Twarzy Kaolin,Brak
131,Tłusta,1,Niedoskonałości,Podrażnienie,17,BIELENDA CBD Cannabidiol,BasicLab Serum Zmniejszające Niedoskonałości Z Niacynamidem 5% Redukcja i Zwężenie,Cetaphil - Pro Oil Control SPF30 - Krem Nawilżająco-Matujący,SVR Sebiaclear Creme SPF 50,Bielenda Hydra Boost nawilżające serum do twarzy,Dermedic Melumin,Acnederm,Nacomi Next Lvl Kwas Salicylowy 2% + Nacomi Biała Glinka do Twarzy Kaolin,BANDI ANTI ACNE antytrądzikowy peeling kwasowy do twarzy
132,Sucha,1,Przebarwienia,Podrażnienie,20,BIELENDA CBD Cannabidiol,MIYA Serum z witaminą C na przebarwienia,Bandi Medical Expert Anti Dry Emulsja silnie nawilżająca,Skin79 Waterproof Sun Gel Krem ochronny SPF50,Bielenda Hydra Boost nawilżające serum do twarzy,Dermedic Melumin,Brak,Nacomi Next Lvl Kwas Salicylowy 2% + Nacomi Biała Glinka do Twarzy Kaolin,BANDI ANTI DRY peeling kwasowy do twarzy silnie nawilżający
133,Normalna,0,Przebarwienia,Podrażnienie,17,BIELENDA CBD Cannabidiol,MIYA Serum z witaminą C na przebarwienia,Bielenda Professional SupremeLAB Energetyzująco-Nawilżający Krem z Witaminą C,SVR Sebiaclear Creme SPF 50,Bielenda Hydra Boost nawilżające serum do twarzy,Dermedic Melumin,Brak,Nacomi Next Lvl Kwas Salicylowy 2% + Nacomi Biała Glinka do Twarzy Kaolin,TOŁPA DERMO FACE SEBIO peeling 3 enzymy
134,Sucha,1,Przebarwienia,Podrażnienie,20,BIELENDA CBD Cannabidiol,MIYA Serum z witaminą C na przebarwienia,Bandi Medical Expert Anti Dry Emulsja silnie nawilżająca,Skin79 Waterproof Sun Gel Krem ochronny SPF50,Bielenda Hydra Boost nawilżające serum do twarzy,Dermedic Melumin,Brak,Nacomi Next Lvl Kwas Salicylowy 2% + Nacomi Biała Glinka do Twarzy Kaolin,BANDI ANTI DRY peeling kwasowy do twarzy silnie nawilżający
135,Normalna,0,Przebarwienia,Brak,17,Missha - Super Aqua Ultra Hyalron Cleansing Foam,MIYA Serum z witaminą C na przebarwienia,Bielenda Professional SupremeLAB Energetyzująco-Nawilżający Krem z Witaminą C,SVR Sebiaclear Creme SPF 50,Bielenda Hydra Boost nawilżające serum do twarzy,Dermedic Melumin,Brak,Nacomi Next Lvl Kwas Salicylowy 2% + Nacomi Biała Glinka do Twarzy Kaolin,Brak
136,Tłusta,0,Rozszerzone pory,Brak,18,BIELENDA CBD Cannabidiol,BasicLab Serum Zmniejszające Niedoskonałości Z Niacynamidem 5% Redukcja i Zwężenie,Cetaphil - Pro Oil Control SPF30 - Krem Nawilżająco-Matujący,SVR Sebiaclear Creme SPF 50,Bielenda Hydra Boost nawilżające serum do twarzy,Avene Cleanance Women,Acnederm,Nacomi Next Lvl Kwas Salicylowy 2% + Nacomi Biała Glinka do Twarzy Kaolin,TOŁPA DERMO FACE SEBIO peeling 3 enzymy
137,Tłusta,0,Rozszerzone pory,Przebarwienia,18,BIELENDA CBD Cannabidiol,MIYA Serum z witaminą C na przebarwienia,Cetaphil - Pro Oil Control SPF30 - Krem Nawilżająco-Matujący,SVR Sebiaclear Creme SPF 50,Bielenda Hydra Boost nawilżające serum do twarzy,Avene Cleanance Women,Acnederm,Nacomi Next Lvl Kwas Salicylowy 2% + Nacomi Biała Glinka do Twarzy Kaolin,Brak
138,Sucha,0,Suche skórki,Szara cera,24,Missha - Super Aqua Ultra Hyalron Cleansing Foam,MIYA Serum z witaminą C na przebarwienia,CeraVe Nawilżający Krem do Twarzy,Revox Just Daily Sun Krem przeciwsłoneczny SPF50,Bielenda Hydra Boost nawilżające serum do twarzy,Bielenda Professional SupremeLAB Barrier Renew Odżywczy Krem na Noc z Ceramidami,Maść z witaminą A,Mediheal NMF Aquaring Ampoule Mask EX,BANDI ANTI DRY peeling kwasowy do twarzy silnie nawilżający
139,Normalna,0,Szara cera,Brak,18,Żel Tołpa Dermo Face Physio,MIYA Serum z witaminą C na przebarwienia,CeraVe Nawilżający Krem do Twarzy,Skin79 Waterproof Sun Gel Krem ochronny SPF50,Bielenda Hydra Boost nawilżające serum do twarzy,CeraVe Nawilżający Krem do Twarzy,Brak,Mediheal NMF Aquaring Ampoule Mask EX,TOŁPA DERMO FACE SEBIO peeling 3 enzymy
140,Sucha,0,Szara cera,Suche skórki,16,Vianek Nawilżająca Emulsja Myjąca do Twarzy,MIYA Serum z witaminą C na przebarwienia,CETAPHIL MD DERMOPROTEKTOR,Skin79 Waterproof Sun Gel Krem ochronny SPF50,Bielenda Hydra Boost nawilżające serum do twarzy,SVR Hydraliane,Maść z witaminą A,SKIN79 Nawilżająca maska algowa Skin Relaxer Algae Modeling Mask Moisturizing,BANDI ANTI DRY peeling kwasowy do twarzy silnie nawilżający
141,Sucha,0,Widoczne naczynka,Brak,16,Vianek Nawilżająca Emulsja Myjąca do Twarzy,APIS COUPEROSE-STOP SERUM DLA CERY Z PROBLEMAMI NACZYNKOWYMI,CeraVe Nawilżający Krem do Twarzy,Revox Just Daily Sun Krem przeciwsłoneczny SPF50,Bielenda Hydra Boost nawilżające serum do twarzy,SVR Sensifine AR,Brak,SKIN79 Nawilżająca maska algowa Skin Relaxer Algae Modeling Mask Moisturizing,BANDI ANTI DRY peeling kwasowy do twarzy silnie nawilżający
142,Normalna,0,Niedoskonałości,Brak,21,CeraVe Nawilżająca emulsja do mycia dla skóry normalnej i suchej,APIS COUPEROSE-STOP SERUM DLA CERY Z PROBLEMAMI NACZYNKOWYMI,BIELENDA CERA NACZYNKOWA REDUKUJĄCY ZACZERWIENIENIA KREM NA DZIEŃ,Uriage Roseliane SPF30 krem do cery naczynkowej,Bielenda Hydra Boost nawilżające serum do twarzy,SVR Sensifine AR,Acnederm,Benton Goodbye Redness Centella Łagodząca Maska w Płacie,Brak
143,Sucha,0,Widoczne naczynka,Brak,20,Żel Tołpa Dermo Face Physio,APIS COUPEROSE-STOP SERUM DLA CERY Z PROBLEMAMI NACZYNKOWYMI,CeraVe Nawilżający Krem do Twarzy,Revox Just Daily Sun Krem przeciwsłoneczny SPF50,Bielenda Hydra Boost nawilżające serum do twarzy,SVR Sensifine AR,Maść z witaminą A,SKIN79 Nawilżająca maska algowa Skin Relaxer Algae Modeling Mask Moisturizing,BANDI ANTI DRY peeling kwasowy do twarzy silnie nawilżający
144,Normalna,0,Widoczne naczynka,Suche skórki,21,Missha - Super Aqua Ultra Hyalron Cleansing Foam,APIS COUPEROSE-STOP SERUM DLA CERY Z PROBLEMAMI NACZYNKOWYMI,BIELENDA CERA NACZYNKOWA REDUKUJĄCY ZACZERWIENIENIA KREM NA DZIEŃ,Uriage Roseliane SPF30 krem do cery naczynkowej,The Ordinary Hyaluronic Acid 2% + B5,SVR Sensifine AR,Maść z witaminą A,SKIN79 Nawilżająca maska algowa Skin Relaxer Algae Modeling Mask Moisturizing,BANDI ANTI DRY peeling kwasowy do twarzy silnie nawilżający
145,Tłusta,0,Rozszerzone pory,Brak,18,Pharmaceris T Puri-Sebogel - antybakteryjny żel myjący do twarzy,BasicLab Serum Zmniejszające Niedoskonałości Z Niacynamidem 5% Redukcja i Zwężenie,Cetaphil - Pro Oil Control SPF30 - Krem Nawilżająco-Matujący,SVR Sebiaclear Creme SPF 50,MIYA COSMETICS BEAUTY LAB serum z prebiotykiem do twarzy,Avene Cleanance Women,Acnederm,Mediheal NMF Aquaring Ampoule Mask EX,TOŁPA DERMO FACE SEBIO peeling 3 enzymy
146,Tłusta,1,Rozszerzone pory,Brak,18,Pharmaceris T Puri-Sebogel - antybakteryjny żel myjący do twarzy,BasicLab Serum Zmniejszające Niedoskonałości Z Niacynamidem 5% Redukcja i Zwężenie,Cetaphil - Pro Oil Control SPF30 - Krem Nawilżająco-Matujący,SVR Sebiaclear Creme SPF 50,MIYA COSMETICS BEAUTY LAB serum z prebiotykiem do twarzy,Avene Cleanance Women,Acnederm,Mediheal NMF Aquaring Ampoule Mask EX,TOŁPA DERMO FACE SEBIO peeling 3 enzymy
147,Normalna,0,Szara cera,Widoczne naczynka,18,Żel Tołpa Dermo Face Physio,MIYA Serum z witaminą C na przebarwienia,CeraVe Nawilżający Krem do Twarzy,Skin79 Waterproof Sun Gel Krem ochronny SPF50,Brak,CeraVe Nawilżający Krem do Twarzy,Brak,Mediheal NMF Aquaring Ampoule Mask EX,TOŁPA DERMO FACE SEBIO peeling 3 enzymy
148,Tłusta,1,Rozszerzone pory,Nadprodukcja sebum,18,Pharmaceris T Puri-Sebogel - antybakteryjny żel myjący do twarzy,BasicLab Serum Zmniejszające Niedoskonałości Z Niacynamidem 5% Redukcja i Zwężenie,Cetaphil - Pro Oil Control SPF30 - Krem Nawilżająco-Matujący,SVR Sebiaclear Creme SPF 50,MIYA COSMETICS BEAUTY LAB serum z prebiotykiem do twarzy,Avene Cleanance Women,Acnederm,Mediheal NMF Aquaring Ampoule Mask EX,TOŁPA DERMO FACE SEBIO peeling 3 enzymy
148,Tłusta,0,Nadprodukcja sebum,Brak,21,Cosrx - Low pH Good Morning Gel Cleanser - Łagodny Żel do Mycia Twarzy,The Ordinary - Niacinamide 10% + Zinc 1% - Serum z Witaminą B3 i Cynkiem,Cetaphil - Pro Oil Control SPF30 - Krem Nawilżająco-Matujący,Missha - All-Around Safe Block Aqua Sun Gel SPF50+/PA++++,Bielenda Professional SupremeLab Sebio Derm Serum do Twarzy,CeraVe Nawilżający Krem do Twarzy,Acnederm,The Ordinary - Salicylic Acid 2% Masque - Maska Glinkowo-Węglowa z 2% Kwasem Salicylowym,Brak
148,Tłusta,1,Nadprodukcja sebum,Brak,22,Cetaphil - Pro Oil Control - Oczyszczająca Pianka do Mycia Skóry Tłustej i Mieszanej ,Tołpa - Pre Age - Matujące Serum Normalizujące - 20ml,Bandi - Delicate Care - Kojący Krem Matujący,Missha - All-Around Safe Block Aqua Sun Gel SPF50+/PA++++,Eveline Cosmetics Beauty & Glow Matujące Serum z Probiotykami,Bielenda Professional SupremeLAB Barrier Renew Odżywczy Krem na Noc z Ceramidami,Acnederm,Nacomi Next Lvl Kwas Salicylowy 2% + Nacomi Biała Glinka do Twarzy Kaolin,Brak
148,Tłusta,0,Nadprodukcja sebum,Niedoskonałości,18,Cetaphil - Pro Oil Control - Oczyszczająca Pianka do Mycia Skóry Tłustej i Mieszanej ,REVOX JUST niacynamid 10%,Tołpa - Authentic - Krem Matowa Skóra,Missha - All-Around Safe Block Aqua Sun Gel SPF50+/PA++++,TOŁPA DERMO FACE STREFA T nawilżające serum-booster,Tołpa Authentic Nawilżona Skóra,Bandi - Sebo Care - Pasta Punktowa na Niedoskonałości z Kalaminą,APIS Maska Ściągająco-Wygładzająca z Białą Glinką i Cynkiem,TOŁPA DERMO FACE SEBIO peeling 3 enzymy
148,Tłusta,0,Nadprodukcja sebum,Brak,18,Neutrogena Visibly Clear Clear & Defend Facial Wash,The Ordinary - Niacinamide 10% + Zinc 1% - Serum z Witaminą B3 i Cynkiem,Tołpa - Authentic - Krem Matowa Skóra,Missha - All-Around Safe Block Aqua Sun Gel SPF50+/PA++++,TOŁPA DERMO FACE STREFA T nawilżające serum-booster,CeraVe Nawilżający Krem do Twarzy,Acnederm,The Ordinary - Salicylic Acid 2% Masque - Maska Glinkowo-Węglowa z 2% Kwasem Salicylowym,Brak
148,Tłusta,1,Nadprodukcja sebum,Brak,19,Neutrogena Visibly Clear Clear & Defend Facial Wash,The Ordinary - Niacinamide 10% + Zinc 1% - Serum z Witaminą B3 i Cynkiem,Tołpa - Dermo Face Strefa T - Matujący Krem-Żel Nawilżający,Missha - All-Around Safe Block Aqua Sun Gel SPF50+/PA++++,Eveline Cosmetics Beauty & Glow Matujące Serum z Probiotykami,Bielenda Professional SupremeLAB Barrier Renew Odżywczy Krem na Noc z Ceramidami,Acnederm,Nacomi Next Lvl Kwas Salicylowy 2% + Nacomi Biała Glinka do Twarzy Kaolin,Brak
148,Mieszana,1,Niedoskonałości,Brak,24,Neutrogena Visibly Clear Clear & Defend Facial Wash,REVOX JUST niacynamid 10%,Tołpa - Authentic - Krem Matowa Skóra,Skin79 Waterproof Sun Gel Krem ochronny SPF50,BasicLab Serum Zmniejszające Niedoskonałości Z Niacynamidem 5% Redukcja i Zwężenie,Bandi Medical Expert Anti Dry Kremowa kuracja nawilżająco-naprawcza,Bandi - Sebo Care - Pasta Punktowa na Niedoskonałości z Kalaminą,Benton Goodbye Redness Centella Łagodząca Maska w Płacie,BANDI ANTI ACNE antytrądzikowy peeling kwasowy do twarzy
