ID,Typ cery,Wra¿liwa,G³ówny problem,Poboczny problem,Wiek,Mycie,Serum na dzieñ,Krem na dzieñ,SPF,Serum na noc,Krem na noc,Punktowo,Maseczka,Peeling
1,T³usta,0,Nadprodukcja sebum,Niedoskona³oœci,17,Neutrogena Visibly Clear Clear & Defend Facial Wash,Revox Just Niacinamide 10%,To³pa - Authentic - Krem Matowa Skóra,SVR Sebiaclear Creme SPF 50,Eveline Cosmetics Beauty & Glow Matuj¹ce Serum z Probiotykami,SVR Sebiaclear Hydra,Bandi - Sebo Care - Pasta Punktowa na Niedoskona³oœci z Kalamin¹,Nacomi Next Lvl Kwas Salicylowy 2% + Nature Queen Glinka Zielona,Brak
2,Mieszana,1,Nadprodukcja sebum,Niedoskona³oœci,20,Pharmaceris T Puri-Sebogel - antybakteryjny ¿el myj¹cy do twarzy,Revox Just Niacinamide 10%,Bandi Medical Expert Anti Dry Emulsja silnie nawil¿aj¹ca,Missha - All-Around Safe Block Aqua Sun Gel SPF50+/PA++++,The Ordinary - Niacinamide 10% + Zinc 1% - Serum z Witamin¹ B3 i Cynkiem,SVR Sebiaclear Hydra,Bandi - Sebo Care - Pasta Punktowa na Niedoskona³oœci z Kalamin¹,Nacomi Next Lvl Kwas Salicylowy 2% + Nacomi Bia³a Glinka do Twarzy Kaolin,BANDI ANTI ACNE antytr¹dzikowy peeling kwasowy do twarzy
3,Mieszana,1,Nadprodukcja sebum,Niedoskona³oœci,20,Pharmaceris T Puri-Sebogel - antybakteryjny ¿el myj¹cy do twarzy,Revox Just Niacinamide 10%,Cetaphil - Pro Oil Control SPF30 - Krem Nawil¿aj¹co-Matuj¹cy,Missha - All-Around Safe Block Aqua Sun Gel SPF50+/PA++++,The Ordinary - Niacinamide 10% + Zinc 1% - Serum z Witamin¹ B3 i Cynkiem,Dermedic Melumin,Bandi - Sebo Care - Pasta Punktowa na Niedoskona³oœci z Kalamin¹,Nacomi Next Lvl Kwas Salicylowy 2% + Nacomi Bia³a Glinka do Twarzy Kaolin,BANDI ANTI ACNE antytr¹dzikowy peeling kwasowy do twarzy
4,T³usta,1,Niedoskona³oœci,Przebarwienia,20,BIELENDA CBD Cannabidiol,BasicLab Serum Zmniejszaj¹ce Niedoskona³oœci Z Niacynamidem 5% Redukcja i Zwê¿enie,Bandi - Delicate Care - Koj¹cy Krem Matuj¹cy,Missha - All-Around Safe Block Aqua Sun Gel SPF50+/PA++++,BasicLab Serum Zmniejszaj¹ce Niedoskona³oœci Z Niacynamidem 5% Redukcja i Zwê¿enie,Bandi Medical Expert Anti Dry Kremowa kuracja nawil¿aj¹co-naprawcza,Acnederm,Nacomi Next Lvl Kwas Salicylowy 2% + Nacomi Bia³a Glinka do Twarzy Kaolin,BANDI ANTI ACNE antytr¹dzikowy peeling kwasowy do twarzy
5,Mieszana,1,Niedoskona³oœci,Podra¿nienie,17,Cetaphil - Pro Oil Control - Oczyszczaj¹ca Pianka do Mycia Skóry T³ustej i Mieszanej ,Revox Just Niacinamide 10%,Bandi - Delicate Care - Koj¹cy Krem Matuj¹cy,Skin79 Waterproof Sun Gel Krem ochronny SPF50,MIYA COSMETICS BEAUTY LAB serum z prebiotykiem do twarzy,Bandi Medical Expert Anti Dry Emulsja silnie nawil¿aj¹ca,Bandi - Sebo Care - Pasta Punktowa na Niedoskona³oœci z Kalamin¹,Nacomi Next Lvl Kwas Salicylowy 2% + Nacomi Bia³a Glinka do Twarzy Kaolin,Brak
6,T³usta,1,Niedoskona³oœci,Przebarwienia,20,BIELENDA CBD Cannabidiol,BasicLab Serum Zmniejszaj¹ce Niedoskona³oœci Z Niacynamidem 5% Redukcja i Zwê¿enie,Bandi - Delicate Care - Koj¹cy Krem Matuj¹cy,Revox Just Daily Sun Krem przeciws³oneczny SPF50,BasicLab Serum Zmniejszaj¹ce Niedoskona³oœci Z Niacynamidem 5% Redukcja i Zwê¿enie,Bandi Medical Expert Anti Dry Kremowa kuracja nawil¿aj¹co-naprawcza,Acnederm,Nacomi Next Lvl Kwas Salicylowy 2% + Nacomi Bia³a Glinka do Twarzy Kaolin,BANDI ANTI ACNE antytr¹dzikowy peeling kwasowy do twarzy
7,Mieszana,1,Niedoskona³oœci,Podra¿nienie,21,Cetaphil - Pro Oil Control - Oczyszczaj¹ca Pianka do Mycia Skóry T³ustej i Mieszanej ,Revox Just Niacinamide 10%,Bandi - Delicate Care - Koj¹cy Krem Matuj¹cy,Skin79 Waterproof Sun Gel Krem ochronny SPF50,MIYA COSMETICS BEAUTY LAB serum z prebiotykiem do twarzy,Bandi Medical Expert Anti Dry Emulsja silnie nawil¿aj¹ca,Bandi - Sebo Care - Pasta Punktowa na Niedoskona³oœci z Kalamin¹,Nacomi Next Lvl Kwas Salicylowy 2% + Nacomi Bia³a Glinka do Twarzy Kaolin,Brak
8,Normalna,1,Podra¿nienie,Brak,20,BIELENDA CBD Cannabidiol,Nacomi Next Level Serum Ceramidy 5%,Bandi - Delicate Care - Koj¹cy Krem Matuj¹cy,Floslek SUN CARE Krem-¿el anti-spot SPF 50,The Ordinary Hyaluronic Acid 2% + B5,Bandi Medical Expert Anti Dry Emulsja silnie nawil¿aj¹ca,Bandi - Sebo Care - Pasta Punktowa na Niedoskona³oœci z Kalamin¹,Mediheal NMF Aquaring Ampoule Mask EX,Brak
9,Mieszana,1,Podra¿nienie,Suche skórki,16,Vianek Nawil¿aj¹ca Emulsja Myj¹ca do Twarzy,Nacomi Next Level Serum Ceramidy 5%,Bandi - Delicate Care - Koj¹cy Krem Matuj¹cy,Skin79 Waterproof Sun Gel Krem ochronny SPF50,The Ordinary Hyaluronic Acid 2% + B5,Bandi Medical Expert Anti Dry Emulsja silnie nawil¿aj¹ca,Bandi - Sebo Care - Pasta Punktowa na Niedoskona³oœci z Kalamin¹,Bielenda Hydra Boost nawil¿aj¹ce serum do twarzy + SKIN79 Nawil¿aj¹ca maska algowa Skin Relaxer Algae Modeling Mask Moisturizing,BANDI ANTI DRY peeling kwasowy do twarzy silnie nawil¿aj¹cy
10,Mieszana,0,Podra¿nienie,Brak,20,Vianek Nawil¿aj¹ca Emulsja Myj¹ca do Twarzy,Nacomi Next Level Serum Ceramidy 5%,Bandi - Delicate Care - Koj¹cy Krem Matuj¹cy,Floslek SUN CARE Krem-¿el anti-spot SPF 50,Brak,CeraVe Nawil¿aj¹cy Krem do Twarzy,Bandi - Sebo Care - Pasta Punktowa na Niedoskona³oœci z Kalamin¹,Bielenda Hydra Boost nawil¿aj¹ce serum do twarzy + SKIN79 Nawil¿aj¹ca maska algowa Skin Relaxer Algae Modeling Mask Moisturizing,BANDI ANTI DRY peeling kwasowy do twarzy silnie nawil¿aj¹cy
11,Normalna,0,Podra¿nienie,Suche skórki,20,Missha - Super Aqua Ultra Hyalron Cleansing Foam,Nacomi Next Level Serum Ceramidy 5%,Bandi - Delicate Care - Koj¹cy Krem Matuj¹cy,Floslek SUN CARE Krem-¿el anti-spot SPF 50,The Ordinary Hyaluronic Acid 2% + B5,Bandi Medical Expert Anti Dry Emulsja silnie nawil¿aj¹ca,Bandi - Sebo Care - Pasta Punktowa na Niedoskona³oœci z Kalamin¹,Bielenda Hydra Boost nawil¿aj¹ce serum do twarzy + SKIN79 Nawil¿aj¹ca maska algowa Skin Relaxer Algae Modeling Mask Moisturizing,BANDI ANTI DRY peeling kwasowy do twarzy silnie nawil¿aj¹cy
12,Mieszana,1,Podra¿nienie,Suche skórki,16,Vianek Nawil¿aj¹ca Emulsja Myj¹ca do Twarzy,Nacomi Next Level Serum Ceramidy 5%,Bandi - Delicate Care - Koj¹cy Krem Matuj¹cy,Skin79 Waterproof Sun Gel Krem ochronny SPF50,MIYA COSMETICS BEAUTY LAB serum z prebiotykiem do twarzy,Bandi Medical Expert Anti Dry Emulsja silnie nawil¿aj¹ca,Bandi - Sebo Care - Pasta Punktowa na Niedoskona³oœci z Kalamin¹,Mediheal NMF Aquaring Ampoule Mask EX,BANDI ANTI DRY peeling kwasowy do twarzy silnie nawil¿aj¹cy
13,Mieszana,0,Podra¿nienie,Brak,24,Vianek Nawil¿aj¹ca Emulsja Myj¹ca do Twarzy,Nacomi Next Level Serum Ceramidy 5%,Bandi - Delicate Care - Koj¹cy Krem Matuj¹cy,Floslek SUN CARE Krem-¿el anti-spot SPF 50,Brak,CeraVe Nawil¿aj¹cy Krem do Twarzy,Bandi - Sebo Care - Pasta Punktowa na Niedoskona³oœci z Kalamin¹,Mediheal NMF Aquaring Ampoule Mask EX,Brak
14,T³usta,1,Przebarwienia,Niedoskona³oœci,17,Pharmaceris T Puri-Sebogel - antybakteryjny ¿el myj¹cy do twarzy,MIYA Serum z witamin¹ C na przebarwienia,Bandi - Delicate Care - Koj¹cy Krem Matuj¹cy,SVR Sebiaclear Creme SPF 50,Brak,Dermedic Melumin,Bandi - Sebo Care - Pasta Punktowa na Niedoskona³oœci z Kalamin¹,Mediheal NMF Aquaring Ampoule Mask EX,BANDI ANTI ACNE antytr¹dzikowy peeling kwasowy do twarzy
15,Sucha,1,Przebarwienia,Brak,20,¯el To³pa Dermo Face Physio,MIYA Serum z witamin¹ C na przebarwienia,Bandi - Delicate Care - Koj¹cy Krem Matuj¹cy,Skin79 Waterproof Sun Gel Krem ochronny SPF50,MIYA COSMETICS BEAUTY LAB serum z prebiotykiem do twarzy,Dermedic Melumin,Bandi - Sebo Care - Pasta Punktowa na Niedoskona³oœci z Kalamin¹,Mediheal NMF Aquaring Ampoule Mask EX,BANDI ANTI DRY peeling kwasowy do twarzy silnie nawil¿aj¹cy
16,Normalna,0,Przebarwienia,Brak,17,CeraVe Nawil¿aj¹ca emulsja do mycia dla skóry normalnej i suchej,MIYA Serum z witamin¹ C na przebarwienia,Bandi - Delicate Care - Koj¹cy Krem Matuj¹cy,SVR Sebiaclear Creme SPF 50,Brak,Dermedic Melumin,Bandi - Sebo Care - Pasta Punktowa na Niedoskona³oœci z Kalamin¹,Mediheal NMF Aquaring Ampoule Mask EX,TO£PA DERMO FACE SEBIO peeling 3 enzymy
17,Sucha,1,Przebarwienia,Brak,20,¯el To³pa Dermo Face Physio,MIYA Serum z witamin¹ C na przebarwienia,Bandi - Delicate Care - Koj¹cy Krem Matuj¹cy,Skin79 Waterproof Sun Gel Krem ochronny SPF50,MIYA COSMETICS BEAUTY LAB serum z prebiotykiem do twarzy,Dermedic Melumin,Bandi - Sebo Care - Pasta Punktowa na Niedoskona³oœci z Kalamin¹,Mediheal NMF Aquaring Ampoule Mask EX,BANDI ANTI DRY peeling kwasowy do twarzy silnie nawil¿aj¹cy
18,Normalna,0,Przebarwienia,Podra¿nienie,17,Missha - Super Aqua Ultra Hyalron Cleansing Foam,MIYA Serum z witamin¹ C na przebarwienia,Bandi - Delicate Care - Koj¹cy Krem Matuj¹cy,SVR Sebiaclear Creme SPF 50,Brak,Dermedic Melumin,Bandi - Sebo Care - Pasta Punktowa na Niedoskona³oœci z Kalamin¹,Bielenda Hydra Boost nawil¿aj¹ce serum do twarzy + SKIN79 Nawil¿aj¹ca maska algowa Skin Relaxer Algae Modeling Mask Moisturizing,Brak
19,T³usta,1,Rozszerzone pory,Brak,18,BIELENDA CBD Cannabidiol,BasicLab Serum Zmniejszaj¹ce Niedoskona³oœci Z Niacynamidem 5% Redukcja i Zwê¿enie,Bandi - Delicate Care - Koj¹cy Krem Matuj¹cy,SVR Sebiaclear Creme SPF 50,MIYA COSMETICS BEAUTY LAB serum z prebiotykiem do twarzy,Avene Cleanance Women,Bandi - Sebo Care - Pasta Punktowa na Niedoskona³oœci z Kalamin¹,Mediheal NMF Aquaring Ampoule Mask EX,TO£PA DERMO FACE SEBIO peeling 3 enzymy
20,T³usta,1,Rozszerzone pory,Przebarwienia,18,BIELENDA CBD Cannabidiol,MIYA Serum z witamin¹ C na przebarwienia,Bandi - Delicate Care - Koj¹cy Krem Matuj¹cy,SVR Sebiaclear Creme SPF 50,Brak,Avene Cleanance Women,Bandi - Sebo Care - Pasta Punktowa na Niedoskona³oœci z Kalamin¹,Mediheal NMF Aquaring Ampoule Mask EX,TO£PA DERMO FACE SEBIO peeling 3 enzymy
21,Sucha,0,Suche skórki,Szara cera,24,Missha - Super Aqua Ultra Hyalron Cleansing Foam,MIYA Serum z witamin¹ C na przebarwienia,Bandi - Delicate Care - Koj¹cy Krem Matuj¹cy,Revox Just Daily Sun Krem przeciws³oneczny SPF50,The Ordinary Hyaluronic Acid 2% + B5,SVR Hydraliane,Bandi - Sebo Care - Pasta Punktowa na Niedoskona³oœci z Kalamin¹,Bielenda Hydra Boost nawil¿aj¹ce serum do twarzy + SKIN79 Nawil¿aj¹ca maska algowa Skin Relaxer Algae Modeling Mask Moisturizing,BANDI ANTI DRY peeling kwasowy do twarzy silnie nawil¿aj¹cy
22,Normalna,0,Szara cera,Brak,18,¯el To³pa Dermo Face Physio,MIYA Serum z witamin¹ C na przebarwienia,Bandi - Delicate Care - Koj¹cy Krem Matuj¹cy,Skin79 Waterproof Sun Gel Krem ochronny SPF50,Brak,CeraVe Nawil¿aj¹cy Krem do Twarzy,Bandi - Sebo Care - Pasta Punktowa na Niedoskona³oœci z Kalamin¹,Mediheal NMF Aquaring Ampoule Mask EX,TO£PA DERMO FACE SEBIO peeling 3 enzymy
23,Sucha,1,Szara cera,Suche skórki,16,Vianek Nawil¿aj¹ca Emulsja Myj¹ca do Twarzy,Nacomi Next Level Serum Ceramidy 5%,Bandi - Delicate Care - Koj¹cy Krem Matuj¹cy,Skin79 Waterproof Sun Gel Krem ochronny SPF50,Brak,SVR Hydraliane,Bandi - Sebo Care - Pasta Punktowa na Niedoskona³oœci z Kalamin¹,Nacomi Next Lvl Kwas Salicylowy 2% + Nacomi Bia³a Glinka do Twarzy Kaolin,BANDI ANTI DRY peeling kwasowy do twarzy silnie nawil¿aj¹cy
24,Sucha,1,Widoczne naczynka,Brak,20,¯el To³pa Dermo Face Physio,APIS COUPEROSE-STOP SERUM DLA CERY Z PROBLEMAMI NACZYNKOWYMI,Bandi - Delicate Care - Koj¹cy Krem Matuj¹cy,Uriage Roseliane SPF30 krem do cery naczynkowej,Brak,SVR Sensifine AR,Bandi - Sebo Care - Pasta Punktowa na Niedoskona³oœci z Kalamin¹,Bielenda Hydra Boost nawil¿aj¹ce serum do twarzy + SKIN79 Nawil¿aj¹ca maska algowa Skin Relaxer Algae Modeling Mask Moisturizing,BANDI ANTI DRY peeling kwasowy do twarzy silnie nawil¿aj¹cy
25,Normalna,1,Widoczne naczynka,Brak,21,CeraVe Nawil¿aj¹ca emulsja do mycia dla skóry normalnej i suchej,APIS COUPEROSE-STOP SERUM DLA CERY Z PROBLEMAMI NACZYNKOWYMI,Bandi - Delicate Care - Koj¹cy Krem Matuj¹cy,Uriage Roseliane SPF30 krem do cery naczynkowej,Brak,SVR Sensifine AR,Bandi - Sebo Care - Pasta Punktowa na Niedoskona³oœci z Kalamin¹,Bielenda Hydra Boost nawil¿aj¹ce serum do twarzy + SKIN79 Nawil¿aj¹ca maska algowa Skin Relaxer Algae Modeling Mask Moisturizing,Brak
26,Sucha,1,Widoczne naczynka,Brak,20,¯el To³pa Dermo Face Physio,APIS COUPEROSE-STOP SERUM DLA CERY Z PROBLEMAMI NACZYNKOWYMI,Bandi - Delicate Care - Koj¹cy Krem Matuj¹cy,Uriage Roseliane SPF30 krem do cery naczynkowej,Brak,SVR Sensifine AR,Bandi - Sebo Care - Pasta Punktowa na Niedoskona³oœci z Kalamin¹,Mediheal NMF Aquaring Ampoule Mask EX,BANDI ANTI DRY peeling kwasowy do twarzy silnie nawil¿aj¹cy
27,Normalna,1,Widoczne naczynka,Suche skórki,21,Missha - Super Aqua Ultra Hyalron Cleansing Foam,APIS COUPEROSE-STOP SERUM DLA CERY Z PROBLEMAMI NACZYNKOWYMI,Bandi - Delicate Care - Koj¹cy Krem Matuj¹cy,Uriage Roseliane SPF30 krem do cery naczynkowej,The Ordinary Hyaluronic Acid 2% + B5,SVR Sensifine AR,Bandi - Sebo Care - Pasta Punktowa na Niedoskona³oœci z Kalamin¹,Bielenda Hydra Boost nawil¿aj¹ce serum do twarzy + SKIN79 Nawil¿aj¹ca maska algowa Skin Relaxer Algae Modeling Mask Moisturizing,BANDI ANTI DRY peeling kwasowy do twarzy silnie nawil¿aj¹cy
28,T³usta,0,Nadprodukcja sebum,Niedoskona³oœci,21,CeraVe Wyg³adzaj¹cy ¯el do Mycia,The Ordinary - Niacinamide 10% + Zinc 1% - Serum z Witamin¹ B3 i Cynkiem,Bandi - Delicate Care - Koj¹cy Krem Matuj¹cy,Floslek SUN CARE Krem-¿el anti-spot SPF 50,The Ordinary - Niacinamide 10% + Zinc 1% - Serum z Witamin¹ B3 i Cynkiem,CeraVe Nawil¿aj¹cy Krem do Twarzy,Bandi - Sebo Care - Pasta Punktowa na Niedoskona³oœci z Kalamin¹,Bielenda Professional SupremeLAB Microbiome Ratunkowa Maseczka,BANDI ANTI ACNE antytr¹dzikowy peeling kwasowy do twarzy
29,Mieszana,1,Nadprodukcja sebum,Niedoskona³oœci,20,CeraVe Wyg³adzaj¹cy ¯el do Mycia,Revox Just Niacinamide 10%,Bandi - Delicate Care - Koj¹cy Krem Matuj¹cy,SVR Sebiaclear Creme SPF 50,The Ordinary - Niacinamide 10% + Zinc 1% - Serum z Witamin¹ B3 i Cynkiem,SVR Sebiaclear Hydra,Bandi - Sebo Care - Pasta Punktowa na Niedoskona³oœci z Kalamin¹,Nacomi Next Lvl Kwas Salicylowy 2% + Nacomi Bia³a Glinka do Twarzy Kaolin,BANDI ANTI ACNE antytr¹dzikowy peeling kwasowy do twarzy
30,Mieszana,1,Nadprodukcja sebum,Niedoskona³oœci,20,Pharmaceris T Puri-Sebogel - antybakteryjny ¿el myj¹cy do twarzy,Revox Just Niacinamide 10%,Bandi - Delicate Care - Koj¹cy Krem Matuj¹cy,SVR Sebiaclear Creme SPF 50,The Ordinary - Niacinamide 10% + Zinc 1% - Serum z Witamin¹ B3 i Cynkiem,Dermedic Melumin,Bandi - Sebo Care - Pasta Punktowa na Niedoskona³oœci z Kalamin¹,Mediheal NMF Aquaring Ampoule Mask EX,BANDI ANTI ACNE antytr¹dzikowy peeling kwasowy do twarzy
31,T³usta,0,Niedoskona³oœci,Przebarwienia,20,Neutrogena Visibly Clear Clear & Defend Facial Wash,BasicLab Serum Zmniejszaj¹ce Niedoskona³oœci Z Niacynamidem 5% Redukcja i Zwê¿enie,Bandi - Delicate Care - Koj¹cy Krem Matuj¹cy,SVR Sebiaclear Creme SPF 50,The Ordinary - Niacinamide 10% + Zinc 1% - Serum z Witamin¹ B3 i Cynkiem,Avene Cleanance Women,Acnederm,Nacomi Next Lvl Kwas Salicylowy 2% + Nacomi Bia³a Glinka do Twarzy Kaolin,BANDI ANTI ACNE antytr¹dzikowy peeling kwasowy do twarzy
32,Mieszana,0,Niedoskona³oœci,Podra¿nienie,17,Cetaphil - Pro Oil Control - Oczyszczaj¹ca Pianka do Mycia Skóry T³ustej i Mieszanej ,Revox Just Niacinamide 10%,Cetaphil - Pro Oil Control SPF30 - Krem Nawil¿aj¹co-Matuj¹cy,Skin79 Waterproof Sun Gel Krem ochronny SPF50,MIYA COSMETICS BEAUTY LAB serum z prebiotykiem do twarzy,Bandi Medical Expert Anti Dry Emulsja silnie nawil¿aj¹ca,Bandi - Sebo Care - Pasta Punktowa na Niedoskona³oœci z Kalamin¹,Nacomi Next Lvl Kwas Salicylowy 2% + Nacomi Bia³a Glinka do Twarzy Kaolin,Brak
33,T³usta,0,Niedoskona³oœci,Brak,20,Pharmaceris T Puri-Sebogel - antybakteryjny ¿el myj¹cy do twarzy,Eveline Cosmetics Beauty & Glow Matuj¹ce Serum z Probiotykami,Cetaphil - Pro Oil Control SPF30 - Krem Nawil¿aj¹co-Matuj¹cy,SVR Sebiaclear Creme SPF 50,The Ordinary - Niacinamide 10% + Zinc 1% - Serum z Witamin¹ B3 i Cynkiem,Avene Cleanance Women,Bandi - Sebo Care - Pasta Punktowa na Niedoskona³oœci z Kalamin¹,Benton Goodbye Redness Centella £agodz¹ca Maska w P³acie,Nacomi Next Lvl Kwas Salicylowy 2% + Nacomi Bia³a Glinka do Twarzy Kaolin
34,Mieszana,0,Niedoskona³oœci,Podra¿nienie,21,Cetaphil - Pro Oil Control - Oczyszczaj¹ca Pianka do Mycia Skóry T³ustej i Mieszanej ,Revox Just Niacinamide 10%,Cetaphil - Pro Oil Control SPF30 - Krem Nawil¿aj¹co-Matuj¹cy,Skin79 Waterproof Sun Gel Krem ochronny SPF50,Brak,Bandi Medical Expert Anti Dry Emulsja silnie nawil¿aj¹ca,Bandi - Sebo Care - Pasta Punktowa na Niedoskona³oœci z Kalamin¹,Benton Goodbye Redness Centella £agodz¹ca Maska w P³acie,Brak
35,Normalna,0,Podra¿nienie,Brak,20,BIELENDA CBD Cannabidiol,Nacomi Next Level Serum Ceramidy 5%,Bandi Medical Expert Anti Dry Emulsja silnie nawil¿aj¹ca,Floslek SUN CARE Krem-¿el anti-spot SPF 50,The Ordinary Hyaluronic Acid 2% + B5,Bandi Medical Expert Anti Dry Emulsja silnie nawil¿aj¹ca,Bandi - Sebo Care - Pasta Punktowa na Niedoskona³oœci z Kalamin¹,Mediheal NMF Aquaring Ampoule Mask EX,Brak
36,Mieszana,0,Podra¿nienie,Suche skórki,16,Vianek Nawil¿aj¹ca Emulsja Myj¹ca do Twarzy,Nacomi Next Level Serum Ceramidy 5%,Bandi Medical Expert Anti Dry Emulsja silnie nawil¿aj¹ca,Skin79 Waterproof Sun Gel Krem ochronny SPF50,The Ordinary Hyaluronic Acid 2% + B5,Bandi Medical Expert Anti Dry Emulsja silnie nawil¿aj¹ca,Bandi - Sebo Care - Pasta Punktowa na Niedoskona³oœci z Kalamin¹,Bielenda Hydra Boost nawil¿aj¹ce serum do twarzy + SKIN79 Nawil¿aj¹ca maska algowa Skin Relaxer Algae Modeling Mask Moisturizing,BANDI ANTI DRY peeling kwasowy do twarzy silnie nawil¿aj¹cy
37,Mieszana,0,Podra¿nienie,Brak,20,Vianek Nawil¿aj¹ca Emulsja Myj¹ca do Twarzy,Nacomi Next Level Serum Ceramidy 5%,CeraVe Nawil¿aj¹cy Krem do Twarzy,Floslek SUN CARE Krem-¿el anti-spot SPF 50,Brak,CeraVe Nawil¿aj¹cy Krem do Twarzy,Bandi - Sebo Care - Pasta Punktowa na Niedoskona³oœci z Kalamin¹,Mediheal NMF Aquaring Ampoule Mask EX,BANDI ANTI DRY peeling kwasowy do twarzy silnie nawil¿aj¹cy
38,Normalna,0,Podra¿nienie,Suche skórki,20,Missha - Super Aqua Ultra Hyalron Cleansing Foam,Nacomi Next Level Serum Ceramidy 5%,Bandi Medical Expert Anti Dry Emulsja silnie nawil¿aj¹ca,Floslek SUN CARE Krem-¿el anti-spot SPF 50,The Ordinary Hyaluronic Acid 2% + B5,Bandi Medical Expert Anti Dry Emulsja silnie nawil¿aj¹ca,Bandi - Sebo Care - Pasta Punktowa na Niedoskona³oœci z Kalamin¹,Bielenda Hydra Boost nawil¿aj¹ce serum do twarzy + SKIN79 Nawil¿aj¹ca maska algowa Skin Relaxer Algae Modeling Mask Moisturizing,BANDI ANTI DRY peeling kwasowy do twarzy silnie nawil¿aj¹cy
39,Mieszana,1,Podra¿nienie,Suche skórki,16,Vianek Nawil¿aj¹ca Emulsja Myj¹ca do Twarzy,Nacomi Next Level Serum Ceramidy 5%,Bandi Medical Expert Anti Dry Emulsja silnie nawil¿aj¹ca,Skin79 Waterproof Sun Gel Krem ochronny SPF50,MIYA COSMETICS BEAUTY LAB serum z prebiotykiem do twarzy,Bandi Medical Expert Anti Dry Emulsja silnie nawil¿aj¹ca,Bandi - Sebo Care - Pasta Punktowa na Niedoskona³oœci z Kalamin¹,Mediheal NMF Aquaring Ampoule Mask EX,BANDI ANTI DRY peeling kwasowy do twarzy silnie nawil¿aj¹cy
40,Mieszana,0,Podra¿nienie,Brak,24,Vianek Nawil¿aj¹ca Emulsja Myj¹ca do Twarzy,Nacomi Next Level Serum Ceramidy 5%,CeraVe Nawil¿aj¹cy Krem do Twarzy,Floslek SUN CARE Krem-¿el anti-spot SPF 50,Brak,CeraVe Nawil¿aj¹cy Krem do Twarzy,Bandi - Sebo Care - Pasta Punktowa na Niedoskona³oœci z Kalamin¹,Mediheal NMF Aquaring Ampoule Mask EX,Brak
41,T³usta,1,Niedoskona³oœci,Brak,17,Vianek Nawil¿aj¹ca Emulsja Myj¹ca do Twarzy,Eveline Cosmetics Beauty & Glow Matuj¹ce Serum z Probiotykami,Cetaphil - Pro Oil Control SPF30 - Krem Nawil¿aj¹co-Matuj¹cy,SVR Sebiaclear Creme SPF 50,BasicLab Serum Zmniejszaj¹ce Niedoskona³oœci Z Niacynamidem 5% Redukcja i Zwê¿enie,Dermedic Melumin,Bandi - Sebo Care - Pasta Punktowa na Niedoskona³oœci z Kalamin¹,Benton Goodbye Redness Centella £agodz¹ca Maska w P³acie,Nacomi Next Lvl Kwas Salicylowy 2% + Nacomi Bia³a Glinka do Twarzy Kaolin
42,Sucha,1,Przebarwienia,Brak,20,¯el To³pa Dermo Face Physio,MIYA Serum z witamin¹ C na przebarwienia,Bandi Medical Expert Anti Dry Emulsja silnie nawil¿aj¹ca,Skin79 Waterproof Sun Gel Krem ochronny SPF50,Brak,Dermedic Melumin,Bandi - Sebo Care - Pasta Punktowa na Niedoskona³oœci z Kalamin¹,Benton Goodbye Redness Centella £agodz¹ca Maska w P³acie,BANDI ANTI DRY peeling kwasowy do twarzy silnie nawil¿aj¹cy
43,Normalna,0,Przebarwienia,Brak,17,CeraVe Nawil¿aj¹ca emulsja do mycia dla skóry normalnej i suchej,MIYA Serum z witamin¹ C na przebarwienia,Bielenda Professional SupremeLAB Energetyzuj¹co-Nawil¿aj¹cy Krem z Witamin¹ C,SVR Sebiaclear Creme SPF 50,Brak,Dermedic Melumin,Bandi - Sebo Care - Pasta Punktowa na Niedoskona³oœci z Kalamin¹,Benton Goodbye Redness Centella £agodz¹ca Maska w P³acie,TO£PA DERMO FACE SEBIO peeling 3 enzymy
44,Sucha,1,Przebarwienia,Brak,20,¯el To³pa Dermo Face Physio,MIYA Serum z witamin¹ C na przebarwienia,Bandi Medical Expert Anti Dry Emulsja silnie nawil¿aj¹ca,Skin79 Waterproof Sun Gel Krem ochronny SPF50,Brak,Dermedic Melumin,Bandi - Sebo Care - Pasta Punktowa na Niedoskona³oœci z Kalamin¹,Benton Goodbye Redness Centella £agodz¹ca Maska w P³acie,BANDI ANTI DRY peeling kwasowy do twarzy silnie nawil¿aj¹cy
45,Normalna,0,Przebarwienia,Podra¿nienie,17,Missha - Super Aqua Ultra Hyalron Cleansing Foam,MIYA Serum z witamin¹ C na przebarwienia,Bielenda Professional SupremeLAB Energetyzuj¹co-Nawil¿aj¹cy Krem z Witamin¹ C,SVR Sebiaclear Creme SPF 50,Brak,Dermedic Melumin,Bandi - Sebo Care - Pasta Punktowa na Niedoskona³oœci z Kalamin¹,Mediheal NMF Aquaring Ampoule Mask EX,Brak
46,T³usta,0,Rozszerzone pory,Brak,18,BIELENDA CBD Cannabidiol,BasicLab Serum Zmniejszaj¹ce Niedoskona³oœci Z Niacynamidem 5% Redukcja i Zwê¿enie,Cetaphil - Pro Oil Control SPF30 - Krem Nawil¿aj¹co-Matuj¹cy,SVR Sebiaclear Creme SPF 50,MIYA COSMETICS BEAUTY LAB serum z prebiotykiem do twarzy,Avene Cleanance Women,Bandi - Sebo Care - Pasta Punktowa na Niedoskona³oœci z Kalamin¹,Mediheal NMF Aquaring Ampoule Mask EX,TO£PA DERMO FACE SEBIO peeling 3 enzymy
47,T³usta,0,Rozszerzone pory,Przebarwienia,18,BIELENDA CBD Cannabidiol,MIYA Serum z witamin¹ C na przebarwienia,Cetaphil - Pro Oil Control SPF30 - Krem Nawil¿aj¹co-Matuj¹cy,SVR Sebiaclear Creme SPF 50,Brak,Avene Cleanance Women,Bandi - Sebo Care - Pasta Punktowa na Niedoskona³oœci z Kalamin¹,Mediheal NMF Aquaring Ampoule Mask EX,TO£PA DERMO FACE SEBIO peeling 3 enzymy
48,Sucha,1,Suche skórki,Szara cera,24,BIELENDA CBD Cannabidiol,Nacomi Next Level Serum Ceramidy 5%,Bandi Medical Expert Anti Dry Kremowa kuracja nawil¿aj¹co-naprawcza,Skin79 Waterproof Sun Gel Krem ochronny SPF50,Bielenda Hydra Boost nawil¿aj¹ce serum do twarzy,Bielenda Professional SupremeLAB Barrier Renew Od¿ywczy Krem na Noc z Ceramidami,Bandi - Sebo Care - Pasta Punktowa na Niedoskona³oœci z Kalamin¹,Mediheal NMF Aquaring Ampoule Mask EX,Brak
49,Normalna,0,Szara cera,Brak,18,¯el To³pa Dermo Face Physio,MIYA Serum z witamin¹ C na przebarwienia,CeraVe Nawil¿aj¹cy Krem do Twarzy,Skin79 Waterproof Sun Gel Krem ochronny SPF50,Brak,CeraVe Nawil¿aj¹cy Krem do Twarzy,Bandi - Sebo Care - Pasta Punktowa na Niedoskona³oœci z Kalamin¹,Mediheal NMF Aquaring Ampoule Mask EX,TO£PA DERMO FACE SEBIO peeling 3 enzymy
50,Sucha,1,Szara cera,Suche skórki,16,Vianek Nawil¿aj¹ca Emulsja Myj¹ca do Twarzy,MIYA Serum z witamin¹ C na przebarwienia,CETAPHIL MD DERMOPROTEKTOR,Skin79 Waterproof Sun Gel Krem ochronny SPF50,Brak,SVR Hydraliane,Bandi - Sebo Care - Pasta Punktowa na Niedoskona³oœci z Kalamin¹,Bielenda Hydra Boost nawil¿aj¹ce serum do twarzy + SKIN79 Nawil¿aj¹ca maska algowa Skin Relaxer Algae Modeling Mask Moisturizing,BANDI ANTI DRY peeling kwasowy do twarzy silnie nawil¿aj¹cy
51,Sucha,1,Widoczne naczynka,Brak,20,¯el To³pa Dermo Face Physio,APIS COUPEROSE-STOP SERUM DLA CERY Z PROBLEMAMI NACZYNKOWYMI,CeraVe Nawil¿aj¹cy Krem do Twarzy,Uriage Roseliane SPF30 krem do cery naczynkowej,Brak,SVR Sensifine AR,Bandi - Sebo Care - Pasta Punktowa na Niedoskona³oœci z Kalamin¹,Bielenda Hydra Boost nawil¿aj¹ce serum do twarzy + SKIN79 Nawil¿aj¹ca maska algowa Skin Relaxer Algae Modeling Mask Moisturizing,BANDI ANTI DRY peeling kwasowy do twarzy silnie nawil¿aj¹cy
52,Normalna,1,Niedoskona³oœci,Brak,21,CeraVe Nawil¿aj¹ca emulsja do mycia dla skóry normalnej i suchej,APIS COUPEROSE-STOP SERUM DLA CERY Z PROBLEMAMI NACZYNKOWYMI,BIELENDA CERA NACZYNKOWA REDUKUJ¥CY ZACZERWIENIENIA KREM NA DZIEÑ,Uriage Roseliane SPF30 krem do cery naczynkowej,Brak,SVR Sensifine AR,Bandi - Sebo Care - Pasta Punktowa na Niedoskona³oœci z Kalamin¹,Benton Goodbye Redness Centella £agodz¹ca Maska w P³acie,Brak
53,Sucha,1,Widoczne naczynka,Brak,20,¯el To³pa Dermo Face Physio,APIS COUPEROSE-STOP SERUM DLA CERY Z PROBLEMAMI NACZYNKOWYMI,CeraVe Nawil¿aj¹cy Krem do Twarzy,Uriage Roseliane SPF30 krem do cery naczynkowej,Brak,SVR Sensifine AR,Bandi - Sebo Care - Pasta Punktowa na Niedoskona³oœci z Kalamin¹,Bielenda Hydra Boost nawil¿aj¹ce serum do twarzy + SKIN79 Nawil¿aj¹ca maska algowa Skin Relaxer Algae Modeling Mask Moisturizing,BANDI ANTI DRY peeling kwasowy do twarzy silnie nawil¿aj¹cy
54,Normalna,1,Widoczne naczynka,Suche skórki,21,Missha - Super Aqua Ultra Hyalron Cleansing Foam,APIS COUPEROSE-STOP SERUM DLA CERY Z PROBLEMAMI NACZYNKOWYMI,BIELENDA CERA NACZYNKOWA REDUKUJ¥CY ZACZERWIENIENIA KREM NA DZIEÑ,Uriage Roseliane SPF30 krem do cery naczynkowej,The Ordinary Hyaluronic Acid 2% + B5,SVR Sensifine AR,Bandi - Sebo Care - Pasta Punktowa na Niedoskona³oœci z Kalamin¹,Bielenda Hydra Boost nawil¿aj¹ce serum do twarzy + SKIN79 Nawil¿aj¹ca maska algowa Skin Relaxer Algae Modeling Mask Moisturizing,BANDI ANTI DRY peeling kwasowy do twarzy silnie nawil¿aj¹cy
55,T³usta,1,Rozszerzone pory,Brak,18,Pharmaceris T Puri-Sebogel - antybakteryjny ¿el myj¹cy do twarzy,BasicLab Serum Zmniejszaj¹ce Niedoskona³oœci Z Niacynamidem 5% Redukcja i Zwê¿enie,Cetaphil - Pro Oil Control SPF30 - Krem Nawil¿aj¹co-Matuj¹cy,SVR Sebiaclear Creme SPF 50,MIYA COSMETICS BEAUTY LAB serum z prebiotykiem do twarzy,Avene Cleanance Women,Bandi - Sebo Care - Pasta Punktowa na Niedoskona³oœci z Kalamin¹,Mediheal NMF Aquaring Ampoule Mask EX,TO£PA DERMO FACE SEBIO peeling 3 enzymy
56,T³usta,0,Rozszerzone pory,Brak,18,Pharmaceris T Puri-Sebogel - antybakteryjny ¿el myj¹cy do twarzy,BasicLab Serum Zmniejszaj¹ce Niedoskona³oœci Z Niacynamidem 5% Redukcja i Zwê¿enie,Cetaphil - Pro Oil Control SPF30 - Krem Nawil¿aj¹co-Matuj¹cy,SVR Sebiaclear Creme SPF 50,MIYA COSMETICS BEAUTY LAB serum z prebiotykiem do twarzy,Avene Cleanance Women,Bandi - Sebo Care - Pasta Punktowa na Niedoskona³oœci z Kalamin¹,Mediheal NMF Aquaring Ampoule Mask EX,TO£PA DERMO FACE SEBIO peeling 3 enzymy
57,T³usta,0,Podra¿nienie,Brak,24,BIELENDA CBD Cannabidiol,Nacomi Next Level Serum Ceramidy 5%,Bandi - Delicate Care - Koj¹cy Krem Matuj¹cy,Floslek SUN CARE Krem-¿el anti-spot SPF 50,Bielenda Hydra Boost nawil¿aj¹ce serum do twarzy,Bielenda Professional SupremeLAB Barrier Renew Od¿ywczy Krem na Noc z Ceramidami,Bandi - Sebo Care - Pasta Punktowa na Niedoskona³oœci z Kalamin¹,Mediheal NMF Aquaring Ampoule Mask EX,Brak
58,T³usta,1,Niedoskona³oœci,Podra¿nienie,17,BIELENDA CBD Cannabidiol,BasicLab Serum Zmniejszaj¹ce Niedoskona³oœci Z Niacynamidem 5% Redukcja i Zwê¿enie,Cetaphil - Pro Oil Control SPF30 - Krem Nawil¿aj¹co-Matuj¹cy,SVR Sebiaclear Creme SPF 50,Eveline Cosmetics Beauty & Glow Matuj¹ce Serum z Probiotykami,Dermedic Melumin,Bandi - Sebo Care - Pasta Punktowa na Niedoskona³oœci z Kalamin¹,Benton Goodbye Redness Centella £agodz¹ca Maska w P³acie,Nacomi Next Lvl Kwas Salicylowy 2% + Nacomi Bia³a Glinka do Twarzy Kaolin
59,Sucha,1,Przebarwienia,Podra¿nienie,20,BIELENDA CBD Cannabidiol,MIYA Serum z witamin¹ C na przebarwienia,Bandi Medical Expert Anti Dry Emulsja silnie nawil¿aj¹ca,Skin79 Waterproof Sun Gel Krem ochronny SPF50,Brak,Dermedic Melumin,Bandi - Sebo Care - Pasta Punktowa na Niedoskona³oœci z Kalamin¹,Benton Goodbye Redness Centella £agodz¹ca Maska w P³acie,BANDI ANTI DRY peeling kwasowy do twarzy silnie nawil¿aj¹cy
60,Normalna,0,Przebarwienia,Podra¿nienie,17,BIELENDA CBD Cannabidiol,MIYA Serum z witamin¹ C na przebarwienia,Bielenda Professional SupremeLAB Energetyzuj¹co-Nawil¿aj¹cy Krem z Witamin¹ C,SVR Sebiaclear Creme SPF 50,Brak,Dermedic Melumin,Bandi - Sebo Care - Pasta Punktowa na Niedoskona³oœci z Kalamin¹,Benton Goodbye Redness Centella £agodz¹ca Maska w P³acie,TO£PA DERMO FACE SEBIO peeling 3 enzymy
61,Sucha,1,Przebarwienia,Podra¿nienie,20,BIELENDA CBD Cannabidiol,MIYA Serum z witamin¹ C na przebarwienia,Bandi Medical Expert Anti Dry Emulsja silnie nawil¿aj¹ca,Skin79 Waterproof Sun Gel Krem ochronny SPF50,Brak,Dermedic Melumin,Bandi - Sebo Care - Pasta Punktowa na Niedoskona³oœci z Kalamin¹,Benton Goodbye Redness Centella £agodz¹ca Maska w P³acie,BANDI ANTI DRY peeling kwasowy do twarzy silnie nawil¿aj¹cy
62,Normalna,0,Przebarwienia,Brak,17,Missha - Super Aqua Ultra Hyalron Cleansing Foam,MIYA Serum z witamin¹ C na przebarwienia,Bielenda Professional SupremeLAB Energetyzuj¹co-Nawil¿aj¹cy Krem z Witamin¹ C,SVR Sebiaclear Creme SPF 50,Brak,Dermedic Melumin,Bandi - Sebo Care - Pasta Punktowa na Niedoskona³oœci z Kalamin¹,Mediheal NMF Aquaring Ampoule Mask EX,Brak
63,T³usta,0,Rozszerzone pory,Brak,18,BIELENDA CBD Cannabidiol,BasicLab Serum Zmniejszaj¹ce Niedoskona³oœci Z Niacynamidem 5% Redukcja i Zwê¿enie,Cetaphil - Pro Oil Control SPF30 - Krem Nawil¿aj¹co-Matuj¹cy,SVR Sebiaclear Creme SPF 50,MIYA COSMETICS BEAUTY LAB serum z prebiotykiem do twarzy,Avene Cleanance Women,Bandi - Sebo Care - Pasta Punktowa na Niedoskona³oœci z Kalamin¹,Mediheal NMF Aquaring Ampoule Mask EX,TO£PA DERMO FACE SEBIO peeling 3 enzymy
64,T³usta,0,Rozszerzone pory,Przebarwienia,21,Missha - Super Aqua Ultra Hyalron Cleansing Foam,MIYA Serum z witamin¹ C na przebarwienia,To³pa - Authentic - Krem Matowa Skóra,SVR Sebiaclear Creme SPF 50,Eveline Cosmetics Beauty & Glow Matuj¹ce Serum z Probiotykami,Bandi - Delicate Care - Koj¹cy Krem Matuj¹cy,Bandi - Sebo Care - Pasta Punktowa na Niedoskona³oœci z Kalamin¹,Mediheal NMF Aquaring Ampoule Mask EX,TO£PA DERMO FACE SEBIO peeling 3 enzymy
65,Sucha,0,Suche skórki,Szara cera,24,Missha - Super Aqua Ultra Hyalron Cleansing Foam,MIYA Serum z witamin¹ C na przebarwienia,CETAPHIL MD DERMOPROTEKTOR,Revox Just Daily Sun Krem przeciws³oneczny SPF50,Eveline Cosmetics Beauty & Glow Matuj¹ce Serum z Probiotykami,SVR Hydraliane,Bandi - Sebo Care - Pasta Punktowa na Niedoskona³oœci z Kalamin¹,Bielenda Hydra Boost nawil¿aj¹ce serum do twarzy + SKIN79 Nawil¿aj¹ca maska algowa Skin Relaxer Algae Modeling Mask Moisturizing,BANDI ANTI DRY peeling kwasowy do twarzy silnie nawil¿aj¹cy
66,Normalna,0,Szara cera,Brak,18,¯el To³pa Dermo Face Physio,MIYA Serum z witamin¹ C na przebarwienia,CeraVe Nawil¿aj¹cy Krem do Twarzy,Skin79 Waterproof Sun Gel Krem ochronny SPF50,Eveline Cosmetics Beauty & Glow Matuj¹ce Serum z Probiotykami,CeraVe Nawil¿aj¹cy Krem do Twarzy,Bandi - Sebo Care - Pasta Punktowa na Niedoskona³oœci z Kalamin¹,Mediheal NMF Aquaring Ampoule Mask EX,TO£PA DERMO FACE SEBIO peeling 3 enzymy
67,Sucha,0,Szara cera,Suche skórki,16,Vianek Nawil¿aj¹ca Emulsja Myj¹ca do Twarzy,MIYA Serum z witamin¹ C na przebarwienia,CETAPHIL MD DERMOPROTEKTOR,Skin79 Waterproof Sun Gel Krem ochronny SPF50,Eveline Cosmetics Beauty & Glow Matuj¹ce Serum z Probiotykami,SVR Hydraliane,Bandi - Sebo Care - Pasta Punktowa na Niedoskona³oœci z Kalamin¹,Bielenda Hydra Boost nawil¿aj¹ce serum do twarzy + SKIN79 Nawil¿aj¹ca maska algowa Skin Relaxer Algae Modeling Mask Moisturizing,BANDI ANTI DRY peeling kwasowy do twarzy silnie nawil¿aj¹cy
68,Sucha,0,Widoczne naczynka,Brak,20,¯el To³pa Dermo Face Physio,APIS COUPEROSE-STOP SERUM DLA CERY Z PROBLEMAMI NACZYNKOWYMI,CeraVe Nawil¿aj¹cy Krem do Twarzy,Revox Just Daily Sun Krem przeciws³oneczny SPF50,MIYA COSMETICS BEAUTY LAB serum z prebiotykiem do twarzy,SVR Sensifine AR,Brak,Bielenda Hydra Boost nawil¿aj¹ce serum do twarzy + SKIN79 Nawil¿aj¹ca maska algowa Skin Relaxer Algae Modeling Mask Moisturizing,BANDI ANTI DRY peeling kwasowy do twarzy silnie nawil¿aj¹cy
69,Normalna,0,Niedoskona³oœci,Brak,21,CeraVe Nawil¿aj¹ca emulsja do mycia dla skóry normalnej i suchej,APIS COUPEROSE-STOP SERUM DLA CERY Z PROBLEMAMI NACZYNKOWYMI,BIELENDA CERA NACZYNKOWA REDUKUJ¥CY ZACZERWIENIENIA KREM NA DZIEÑ,Revox Just Daily Sun Krem przeciws³oneczny SPF50,Eveline Cosmetics Beauty & Glow Matuj¹ce Serum z Probiotykami,SVR Sensifine AR,Bandi - Sebo Care - Pasta Punktowa na Niedoskona³oœci z Kalamin¹,Benton Goodbye Redness Centella £agodz¹ca Maska w P³acie,Brak
70,Sucha,0,Widoczne naczynka,Brak,22,¯el To³pa Dermo Face Physio,APIS COUPEROSE-STOP SERUM DLA CERY Z PROBLEMAMI NACZYNKOWYMI,CeraVe Nawil¿aj¹cy Krem do Twarzy,Revox Just Daily Sun Krem przeciws³oneczny SPF50,Eveline Cosmetics Beauty & Glow Matuj¹ce Serum z Probiotykami,SVR Sensifine AR,Maœæ z witamin¹ A,Bielenda Hydra Boost nawil¿aj¹ce serum do twarzy + SKIN79 Nawil¿aj¹ca maska algowa Skin Relaxer Algae Modeling Mask Moisturizing,BANDI ANTI DRY peeling kwasowy do twarzy silnie nawil¿aj¹cy
71,Normalna,0,Widoczne naczynka,Suche skórki,21,Missha - Super Aqua Ultra Hyalron Cleansing Foam,APIS COUPEROSE-STOP SERUM DLA CERY Z PROBLEMAMI NACZYNKOWYMI,BIELENDA CERA NACZYNKOWA REDUKUJ¥CY ZACZERWIENIENIA KREM NA DZIEÑ,Uriage Roseliane SPF30 krem do cery naczynkowej,Eveline Cosmetics Beauty & Glow Matuj¹ce Serum z Probiotykami,SVR Sensifine AR,Bandi - Sebo Care - Pasta Punktowa na Niedoskona³oœci z Kalamin¹,Bielenda Hydra Boost nawil¿aj¹ce serum do twarzy + SKIN79 Nawil¿aj¹ca maska algowa Skin Relaxer Algae Modeling Mask Moisturizing,BANDI ANTI DRY peeling kwasowy do twarzy silnie nawil¿aj¹cy
72,T³usta,0,Rozszerzone pory,Brak,18,Pharmaceris T Puri-Sebogel - antybakteryjny ¿el myj¹cy do twarzy,BasicLab Serum Zmniejszaj¹ce Niedoskona³oœci Z Niacynamidem 5% Redukcja i Zwê¿enie,Cetaphil - Pro Oil Control SPF30 - Krem Nawil¿aj¹co-Matuj¹cy,SVR Sebiaclear Creme SPF 50,Eveline Cosmetics Beauty & Glow Matuj¹ce Serum z Probiotykami,Avene Cleanance Women,Bandi - Sebo Care - Pasta Punktowa na Niedoskona³oœci z Kalamin¹,Mediheal NMF Aquaring Ampoule Mask EX,TO£PA DERMO FACE SEBIO peeling 3 enzymy
73,T³usta,1,Rozszerzone pory,Brak,18,Pharmaceris T Puri-Sebogel - antybakteryjny ¿el myj¹cy do twarzy,BasicLab Serum Zmniejszaj¹ce Niedoskona³oœci Z Niacynamidem 5% Redukcja i Zwê¿enie,Cetaphil - Pro Oil Control SPF30 - Krem Nawil¿aj¹co-Matuj¹cy,SVR Sebiaclear Creme SPF 50,Eveline Cosmetics Beauty & Glow Matuj¹ce Serum z Probiotykami,Avene Cleanance Women,Bandi - Sebo Care - Pasta Punktowa na Niedoskona³oœci z Kalamin¹,Mediheal NMF Aquaring Ampoule Mask EX,TO£PA DERMO FACE SEBIO peeling 3 enzymy
74,T³usta,0,Nadprodukcja sebum,Niedoskona³oœci,22,CeraVe Wyg³adzaj¹cy ¯el do Mycia,Revox Just Niacinamide 10%,To³pa - Authentic - Krem Matowa Skóra,SVR Sebiaclear Creme SPF 50,Eveline Cosmetics Beauty & Glow Matuj¹ce Serum z Probiotykami,SVR Sebiaclear Hydra,Bandi - Sebo Care - Pasta Punktowa na Niedoskona³oœci z Kalamin¹,Bielenda Professional SupremeLAB Microbiome Ratunkowa Maseczka,BANDI ANTI ACNE antytr¹dzikowy peeling kwasowy do twarzy
75,Mieszana,1,Nadprodukcja sebum,Niedoskona³oœci,20,CeraVe Wyg³adzaj¹cy ¯el do Mycia,Revox Just Niacinamide 10%,Bandi Medical Expert Anti Dry Emulsja silnie nawil¿aj¹ca,SVR Sebiaclear Creme SPF 50,Eveline Cosmetics Beauty & Glow Matuj¹ce Serum z Probiotykami,SVR Sebiaclear Hydra,Bandi - Sebo Care - Pasta Punktowa na Niedoskona³oœci z Kalamin¹,Nacomi Next Lvl Kwas Salicylowy 2% + Nacomi Bia³a Glinka do Twarzy Kaolin,BANDI ANTI ACNE antytr¹dzikowy peeling kwasowy do twarzy
76,Mieszana,1,Nadprodukcja sebum,Niedoskona³oœci,20,Pharmaceris T Puri-Sebogel - antybakteryjny ¿el myj¹cy do twarzy,Revox Just Niacinamide 10%,Cetaphil - Pro Oil Control SPF30 - Krem Nawil¿aj¹co-Matuj¹cy,SVR Sebiaclear Creme SPF 50,Eveline Cosmetics Beauty & Glow Matuj¹ce Serum z Probiotykami,Dermedic Melumin,Bandi - Sebo Care - Pasta Punktowa na Niedoskona³oœci z Kalamin¹,Nacomi Next Lvl Kwas Salicylowy 2% + Nacomi Bia³a Glinka do Twarzy Kaolin,BANDI ANTI ACNE antytr¹dzikowy peeling kwasowy do twarzy
77,T³usta,1,Niedoskona³oœci,Przebarwienia,20,Pharmaceris T Puri-Sebogel - antybakteryjny ¿el myj¹cy do twarzy,BasicLab Serum Zmniejszaj¹ce Niedoskona³oœci Z Niacynamidem 5% Redukcja i Zwê¿enie,Cetaphil - Pro Oil Control SPF30 - Krem Nawil¿aj¹co-Matuj¹cy,Revox Just Daily Sun Krem przeciws³oneczny SPF50,Eveline Cosmetics Beauty & Glow Matuj¹ce Serum z Probiotykami,Bandi Medical Expert Anti Dry Kremowa kuracja nawil¿aj¹co-naprawcza,Acnederm,Nacomi Next Lvl Kwas Salicylowy 2% + Nacomi Bia³a Glinka do Twarzy Kaolin,BANDI ANTI ACNE antytr¹dzikowy peeling kwasowy do twarzy
78,Mieszana,1,Niedoskona³oœci,Podra¿nienie,17,Cetaphil - Pro Oil Control - Oczyszczaj¹ca Pianka do Mycia Skóry T³ustej i Mieszanej ,Revox Just Niacinamide 10%,Cetaphil - Pro Oil Control SPF30 - Krem Nawil¿aj¹co-Matuj¹cy,Revox Just Daily Sun Krem przeciws³oneczny SPF50,Eveline Cosmetics Beauty & Glow Matuj¹ce Serum z Probiotykami,Bandi Medical Expert Anti Dry Emulsja silnie nawil¿aj¹ca,Bandi - Sebo Care - Pasta Punktowa na Niedoskona³oœci z Kalamin¹,Nacomi Next Lvl Kwas Salicylowy 2% + Nacomi Bia³a Glinka do Twarzy Kaolin,Brak
79,T³usta,1,Niedoskona³oœci,Przebarwienia,20,Pharmaceris T Puri-Sebogel - antybakteryjny ¿el myj¹cy do twarzy,BasicLab Serum Zmniejszaj¹ce Niedoskona³oœci Z Niacynamidem 5% Redukcja i Zwê¿enie,To³pa - Dermo Face Strefa T - Matuj¹cy Krem-¯el Nawil¿aj¹cy,Revox Just Daily Sun Krem przeciws³oneczny SPF50,Eveline Cosmetics Beauty & Glow Matuj¹ce Serum z Probiotykami,Avene Cleanance Women,Acnederm,Nacomi Next Lvl Kwas Salicylowy 2% + Nacomi Bia³a Glinka do Twarzy Kaolin,BANDI ANTI ACNE antytr¹dzikowy peeling kwasowy do twarzy
80,Mieszana,1,Niedoskona³oœci,Podra¿nienie,21,Cetaphil - Pro Oil Control - Oczyszczaj¹ca Pianka do Mycia Skóry T³ustej i Mieszanej ,Revox Just Niacinamide 10%,Cetaphil - Pro Oil Control SPF30 - Krem Nawil¿aj¹co-Matuj¹cy,Skin79 Waterproof Sun Gel Krem ochronny SPF50,Eveline Cosmetics Beauty & Glow Matuj¹ce Serum z Probiotykami,Bandi Medical Expert Anti Dry Emulsja silnie nawil¿aj¹ca,Bandi - Sebo Care - Pasta Punktowa na Niedoskona³oœci z Kalamin¹,Nacomi Next Lvl Kwas Salicylowy 2% + Nacomi Bia³a Glinka do Twarzy Kaolin,Brak
81,Normalna,1,Podra¿nienie,Brak,20,BIELENDA CBD Cannabidiol,Nacomi Next Level Serum Ceramidy 5%,Bandi Medical Expert Anti Dry Emulsja silnie nawil¿aj¹ca,Floslek SUN CARE Krem-¿el anti-spot SPF 50,Eveline Cosmetics Beauty & Glow Matuj¹ce Serum z Probiotykami,Bandi Medical Expert Anti Dry Emulsja silnie nawil¿aj¹ca,Bandi - Sebo Care - Pasta Punktowa na Niedoskona³oœci z Kalamin¹,Mediheal NMF Aquaring Ampoule Mask EX,Brak
82,Mieszana,1,Podra¿nienie,Suche skórki,16,Vianek Nawil¿aj¹ca Emulsja Myj¹ca do Twarzy,Nacomi Next Level Serum Ceramidy 5%,Bandi Medical Expert Anti Dry Emulsja silnie nawil¿aj¹ca,Skin79 Waterproof Sun Gel Krem ochronny SPF50,Eveline Cosmetics Beauty & Glow Matuj¹ce Serum z Probiotykami,Bandi Medical Expert Anti Dry Emulsja silnie nawil¿aj¹ca,Bandi - Sebo Care - Pasta Punktowa na Niedoskona³oœci z Kalamin¹,Bielenda Hydra Boost nawil¿aj¹ce serum do twarzy + SKIN79 Nawil¿aj¹ca maska algowa Skin Relaxer Algae Modeling Mask Moisturizing,BANDI ANTI DRY peeling kwasowy do twarzy silnie nawil¿aj¹cy
83,Mieszana,0,Podra¿nienie,Brak,20,Vianek Nawil¿aj¹ca Emulsja Myj¹ca do Twarzy,Nacomi Next Level Serum Ceramidy 5%,CeraVe Nawil¿aj¹cy Krem do Twarzy,Floslek SUN CARE Krem-¿el anti-spot SPF 50,Eveline Cosmetics Beauty & Glow Matuj¹ce Serum z Probiotykami,CeraVe Nawil¿aj¹cy Krem do Twarzy,Bandi - Sebo Care - Pasta Punktowa na Niedoskona³oœci z Kalamin¹,Bielenda Hydra Boost nawil¿aj¹ce serum do twarzy + SKIN79 Nawil¿aj¹ca maska algowa Skin Relaxer Algae Modeling Mask Moisturizing,BANDI ANTI DRY peeling kwasowy do twarzy silnie nawil¿aj¹cy
84,Normalna,0,Podra¿nienie,Suche skórki,20,Missha - Super Aqua Ultra Hyalron Cleansing Foam,Nacomi Next Level Serum Ceramidy 5%,Bandi Medical Expert Anti Dry Emulsja silnie nawil¿aj¹ca,Floslek SUN CARE Krem-¿el anti-spot SPF 50,Eveline Cosmetics Beauty & Glow Matuj¹ce Serum z Probiotykami,Bandi Medical Expert Anti Dry Emulsja silnie nawil¿aj¹ca,Bandi - Sebo Care - Pasta Punktowa na Niedoskona³oœci z Kalamin¹,Bielenda Hydra Boost nawil¿aj¹ce serum do twarzy + SKIN79 Nawil¿aj¹ca maska algowa Skin Relaxer Algae Modeling Mask Moisturizing,BANDI ANTI DRY peeling kwasowy do twarzy silnie nawil¿aj¹cy
85,Mieszana,1,Podra¿nienie,Suche skórki,16,Vianek Nawil¿aj¹ca Emulsja Myj¹ca do Twarzy,Nacomi Next Level Serum Ceramidy 5%,Bandi Medical Expert Anti Dry Emulsja silnie nawil¿aj¹ca,Skin79 Waterproof Sun Gel Krem ochronny SPF50,Eveline Cosmetics Beauty & Glow Matuj¹ce Serum z Probiotykami,Bandi Medical Expert Anti Dry Emulsja silnie nawil¿aj¹ca,Bandi - Sebo Care - Pasta Punktowa na Niedoskona³oœci z Kalamin¹,Mediheal NMF Aquaring Ampoule Mask EX,BANDI ANTI DRY peeling kwasowy do twarzy silnie nawil¿aj¹cy
86,Mieszana,0,Podra¿nienie,Brak,24,Vianek Nawil¿aj¹ca Emulsja Myj¹ca do Twarzy,Nacomi Next Level Serum Ceramidy 5%,CeraVe Nawil¿aj¹cy Krem do Twarzy,Floslek SUN CARE Krem-¿el anti-spot SPF 50,Eveline Cosmetics Beauty & Glow Matuj¹ce Serum z Probiotykami,CeraVe Nawil¿aj¹cy Krem do Twarzy,Bandi - Sebo Care - Pasta Punktowa na Niedoskona³oœci z Kalamin¹,Mediheal NMF Aquaring Ampoule Mask EX,Brak
87,T³usta,1,Przebarwienia,Niedoskona³oœci,17,Pharmaceris T Puri-Sebogel - antybakteryjny ¿el myj¹cy do twarzy,MIYA Serum z witamin¹ C na przebarwienia,Bielenda Professional SupremeLAB Energetyzuj¹co-Nawil¿aj¹cy Krem z Witamin¹ C,SVR Sebiaclear Creme SPF 50,Eveline Cosmetics Beauty & Glow Matuj¹ce Serum z Probiotykami,Dermedic Melumin,Bandi - Sebo Care - Pasta Punktowa na Niedoskona³oœci z Kalamin¹,Mediheal NMF Aquaring Ampoule Mask EX,BANDI ANTI ACNE antytr¹dzikowy peeling kwasowy do twarzy
88,Sucha,1,Przebarwienia,Brak,20,¯el To³pa Dermo Face Physio,MIYA Serum z witamin¹ C na przebarwienia,Bandi Medical Expert Anti Dry Emulsja silnie nawil¿aj¹ca,Skin79 Waterproof Sun Gel Krem ochronny SPF50,Eveline Cosmetics Beauty & Glow Matuj¹ce Serum z Probiotykami,Dermedic Melumin,Bandi - Sebo Care - Pasta Punktowa na Niedoskona³oœci z Kalamin¹,Mediheal NMF Aquaring Ampoule Mask EX,BANDI ANTI DRY peeling kwasowy do twarzy silnie nawil¿aj¹cy
89,Normalna,0,Przebarwienia,Brak,17,CeraVe Nawil¿aj¹ca emulsja do mycia dla skóry normalnej i suchej,MIYA Serum z witamin¹ C na przebarwienia,Bielenda Professional SupremeLAB Energetyzuj¹co-Nawil¿aj¹cy Krem z Witamin¹ C,SVR Sebiaclear Creme SPF 50,Eveline Cosmetics Beauty & Glow Matuj¹ce Serum z Probiotykami,Dermedic Melumin,Bandi - Sebo Care - Pasta Punktowa na Niedoskona³oœci z Kalamin¹,Mediheal NMF Aquaring Ampoule Mask EX,TO£PA DERMO FACE SEBIO peeling 3 enzymy
90,Sucha,1,Przebarwienia,Brak,20,¯el To³pa Dermo Face Physio,MIYA Serum z witamin¹ C na przebarwienia,Bandi Medical Expert Anti Dry Emulsja silnie nawil¿aj¹ca,Skin79 Waterproof Sun Gel Krem ochronny SPF50,Eveline Cosmetics Beauty & Glow Matuj¹ce Serum z Probiotykami,Dermedic Melumin,Bandi - Sebo Care - Pasta Punktowa na Niedoskona³oœci z Kalamin¹,Mediheal NMF Aquaring Ampoule Mask EX,BANDI ANTI DRY peeling kwasowy do twarzy silnie nawil¿aj¹cy
91,Normalna,0,Przebarwienia,Podra¿nienie,17,Missha - Super Aqua Ultra Hyalron Cleansing Foam,MIYA Serum z witamin¹ C na przebarwienia,Bielenda Professional SupremeLAB Energetyzuj¹co-Nawil¿aj¹cy Krem z Witamin¹ C,SVR Sebiaclear Creme SPF 50,Eveline Cosmetics Beauty & Glow Matuj¹ce Serum z Probiotykami,Dermedic Melumin,Bandi - Sebo Care - Pasta Punktowa na Niedoskona³oœci z Kalamin¹,Bielenda Hydra Boost nawil¿aj¹ce serum do twarzy + SKIN79 Nawil¿aj¹ca maska algowa Skin Relaxer Algae Modeling Mask Moisturizing,Brak
92,T³usta,1,Rozszerzone pory,Brak,18,BIELENDA CBD Cannabidiol,BasicLab Serum Zmniejszaj¹ce Niedoskona³oœci Z Niacynamidem 5% Redukcja i Zwê¿enie,Cetaphil - Pro Oil Control SPF30 - Krem Nawil¿aj¹co-Matuj¹cy,SVR Sebiaclear Creme SPF 50,Eveline Cosmetics Beauty & Glow Matuj¹ce Serum z Probiotykami,Avene Cleanance Women,Bandi - Sebo Care - Pasta Punktowa na Niedoskona³oœci z Kalamin¹,Mediheal NMF Aquaring Ampoule Mask EX,TO£PA DERMO FACE SEBIO peeling 3 enzymy
93,T³usta,1,Rozszerzone pory,Przebarwienia,19,BIELENDA CBD Cannabidiol,MIYA Serum z witamin¹ C na przebarwienia,To³pa - Authentic - Krem Matowa Skóra,Missha - All-Around Safe Block Aqua Sun Gel SPF50+/PA++++,Eveline Cosmetics Beauty & Glow Matuj¹ce Serum z Probiotykami,Bielenda Professional SupremeLAB Barrier Renew Od¿ywczy Krem na Noc z Ceramidami,Bandi - Sebo Care - Pasta Punktowa na Niedoskona³oœci z Kalamin¹,Mediheal NMF Aquaring Ampoule Mask EX,TO£PA DERMO FACE SEBIO peeling 3 enzymy
94,Sucha,1,Suche skórki,Szara cera,24,BIELENDA CBD Cannabidiol,Nacomi Next Level Serum Ceramidy 5%,Bandi Medical Expert Anti Dry Kremowa kuracja nawil¿aj¹co-naprawcza,Missha - All-Around Safe Block Aqua Sun Gel SPF50+/PA++++,Bielenda Hydra Boost nawil¿aj¹ce serum do twarzy,Bielenda Professional SupremeLAB Barrier Renew Od¿ywczy Krem na Noc z Ceramidami,Bandi - Sebo Care - Pasta Punktowa na Niedoskona³oœci z Kalamin¹,Mediheal NMF Aquaring Ampoule Mask EX,Brak
95,Normalna,0,Szara cera,Brak,18,¯el To³pa Dermo Face Physio,MIYA Serum z witamin¹ C na przebarwienia,CeraVe Nawil¿aj¹cy Krem do Twarzy,Missha - All-Around Safe Block Aqua Sun Gel SPF50+/PA++++,Brak,Bielenda Professional SupremeLAB Barrier Renew Od¿ywczy Krem na Noc z Ceramidami,Bandi - Sebo Care - Pasta Punktowa na Niedoskona³oœci z Kalamin¹,Mediheal NMF Aquaring Ampoule Mask EX,TO£PA DERMO FACE SEBIO peeling 3 enzymy
96,Sucha,1,Szara cera,Suche skórki,16,Vianek Nawil¿aj¹ca Emulsja Myj¹ca do Twarzy,Nacomi Next Level Serum Ceramidy 5%,CETAPHIL MD DERMOPROTEKTOR,Missha - All-Around Safe Block Aqua Sun Gel SPF50+/PA++++,Brak,Bielenda Professional SupremeLAB Barrier Renew Od¿ywczy Krem na Noc z Ceramidami,Bandi - Sebo Care - Pasta Punktowa na Niedoskona³oœci z Kalamin¹,Nacomi Next Lvl Kwas Salicylowy 2% + Nacomi Bia³a Glinka do Twarzy Kaolin,BANDI ANTI DRY peeling kwasowy do twarzy silnie nawil¿aj¹cy
97,Sucha,1,Widoczne naczynka,Brak,20,¯el To³pa Dermo Face Physio,APIS COUPEROSE-STOP SERUM DLA CERY Z PROBLEMAMI NACZYNKOWYMI,CeraVe Nawil¿aj¹cy Krem do Twarzy,Missha - All-Around Safe Block Aqua Sun Gel SPF50+/PA++++,Brak,Bielenda Professional SupremeLAB Barrier Renew Od¿ywczy Krem na Noc z Ceramidami,Bandi - Sebo Care - Pasta Punktowa na Niedoskona³oœci z Kalamin¹,Bielenda Hydra Boost nawil¿aj¹ce serum do twarzy + SKIN79 Nawil¿aj¹ca maska algowa Skin Relaxer Algae Modeling Mask Moisturizing,BANDI ANTI DRY peeling kwasowy do twarzy silnie nawil¿aj¹cy
98,Normalna,1,Widoczne naczynka,Brak,21,CeraVe Nawil¿aj¹ca emulsja do mycia dla skóry normalnej i suchej,APIS COUPEROSE-STOP SERUM DLA CERY Z PROBLEMAMI NACZYNKOWYMI,BIELENDA CERA NACZYNKOWA REDUKUJ¥CY ZACZERWIENIENIA KREM NA DZIEÑ,Missha - All-Around Safe Block Aqua Sun Gel SPF50+/PA++++,Brak,Bielenda Professional SupremeLAB Barrier Renew Od¿ywczy Krem na Noc z Ceramidami,Bandi - Sebo Care - Pasta Punktowa na Niedoskona³oœci z Kalamin¹,Bielenda Hydra Boost nawil¿aj¹ce serum do twarzy + SKIN79 Nawil¿aj¹ca maska algowa Skin Relaxer Algae Modeling Mask Moisturizing,Brak
99,Sucha,1,Widoczne naczynka,Brak,20,¯el To³pa Dermo Face Physio,APIS COUPEROSE-STOP SERUM DLA CERY Z PROBLEMAMI NACZYNKOWYMI,CeraVe Nawil¿aj¹cy Krem do Twarzy,Missha - All-Around Safe Block Aqua Sun Gel SPF50+/PA++++,Brak,Bielenda Professional SupremeLAB Barrier Renew Od¿ywczy Krem na Noc z Ceramidami,Bandi - Sebo Care - Pasta Punktowa na Niedoskona³oœci z Kalamin¹,Mediheal NMF Aquaring Ampoule Mask EX,BANDI ANTI DRY peeling kwasowy do twarzy silnie nawil¿aj¹cy
100,Normalna,1,Widoczne naczynka,Suche skórki,21,Missha - Super Aqua Ultra Hyalron Cleansing Foam,APIS COUPEROSE-STOP SERUM DLA CERY Z PROBLEMAMI NACZYNKOWYMI,BIELENDA CERA NACZYNKOWA REDUKUJ¥CY ZACZERWIENIENIA KREM NA DZIEÑ,Missha - All-Around Safe Block Aqua Sun Gel SPF50+/PA++++,The Ordinary Hyaluronic Acid 2% + B5,Bielenda Professional SupremeLAB Barrier Renew Od¿ywczy Krem na Noc z Ceramidami,Bandi - Sebo Care - Pasta Punktowa na Niedoskona³oœci z Kalamin¹,Bielenda Hydra Boost nawil¿aj¹ce serum do twarzy + SKIN79 Nawil¿aj¹ca maska algowa Skin Relaxer Algae Modeling Mask Moisturizing,BANDI ANTI DRY peeling kwasowy do twarzy silnie nawil¿aj¹cy
101,T³usta,0,Nadprodukcja sebum,Niedoskona³oœci,21,CeraVe Wyg³adzaj¹cy ¯el do Mycia,Revox Just Niacinamide 10%,CeraVe Nawil¿aj¹cy Krem do Twarzy,Missha - All-Around Safe Block Aqua Sun Gel SPF50+/PA++++,The Ordinary - Niacinamide 10% + Zinc 1% - Serum z Witamin¹ B3 i Cynkiem,Bielenda Professional SupremeLAB Barrier Renew Od¿ywczy Krem na Noc z Ceramidami,Bandi - Sebo Care - Pasta Punktowa na Niedoskona³oœci z Kalamin¹,Nacomi Next Lvl Kwas Salicylowy 2% + Nacomi Bia³a Glinka do Twarzy Kaolin,Brak
102,Mieszana,1,Nadprodukcja sebum,Niedoskona³oœci,20,CeraVe Wyg³adzaj¹cy ¯el do Mycia,Revox Just Niacinamide 10%,Bandi Medical Expert Anti Dry Emulsja silnie nawil¿aj¹ca,Missha - All-Around Safe Block Aqua Sun Gel SPF50+/PA++++,The Ordinary - Niacinamide 10% + Zinc 1% - Serum z Witamin¹ B3 i Cynkiem,Bielenda Professional SupremeLAB Barrier Renew Od¿ywczy Krem na Noc z Ceramidami,Acnederm,Nacomi Next Lvl Kwas Salicylowy 2% + Nacomi Bia³a Glinka do Twarzy Kaolin,BANDI ANTI ACNE antytr¹dzikowy peeling kwasowy do twarzy
103,Mieszana,1,Nadprodukcja sebum,Niedoskona³oœci,20,Pharmaceris T Puri-Sebogel - antybakteryjny ¿el myj¹cy do twarzy,Revox Just Niacinamide 10%,Cetaphil - Pro Oil Control SPF30 - Krem Nawil¿aj¹co-Matuj¹cy,Missha - All-Around Safe Block Aqua Sun Gel SPF50+/PA++++,The Ordinary - Niacinamide 10% + Zinc 1% - Serum z Witamin¹ B3 i Cynkiem,Bielenda Professional SupremeLAB Barrier Renew Od¿ywczy Krem na Noc z Ceramidami,Acnederm,Mediheal NMF Aquaring Ampoule Mask EX,BANDI ANTI ACNE antytr¹dzikowy peeling kwasowy do twarzy
104,T³usta,0,Niedoskona³oœci,Przebarwienia,20,Neutrogena Visibly Clear Clear & Defend Facial Wash,BasicLab Serum Zmniejszaj¹ce Niedoskona³oœci Z Niacynamidem 5% Redukcja i Zwê¿enie,To³pa - Dermo Face Strefa T - Matuj¹cy Krem-¯el Nawil¿aj¹cy,Missha - All-Around Safe Block Aqua Sun Gel SPF50+/PA++++,The Ordinary - Niacinamide 10% + Zinc 1% - Serum z Witamin¹ B3 i Cynkiem,Bielenda Professional SupremeLAB Barrier Renew Od¿ywczy Krem na Noc z Ceramidami,Acnederm,Nacomi Next Lvl Kwas Salicylowy 2% + Nacomi Bia³a Glinka do Twarzy Kaolin,TO£PA DERMO FACE SEBIO peeling 3 enzymy
105,Mieszana,0,Niedoskona³oœci,Podra¿nienie,17,Cetaphil - Pro Oil Control - Oczyszczaj¹ca Pianka do Mycia Skóry T³ustej i Mieszanej ,Revox Just Niacinamide 10%,Cetaphil - Pro Oil Control SPF30 - Krem Nawil¿aj¹co-Matuj¹cy,Missha - All-Around Safe Block Aqua Sun Gel SPF50+/PA++++,MIYA COSMETICS BEAUTY LAB serum z prebiotykiem do twarzy,Bielenda Professional SupremeLAB Barrier Renew Od¿ywczy Krem na Noc z Ceramidami,Acnederm,Nacomi Next Lvl Kwas Salicylowy 2% + Nacomi Bia³a Glinka do Twarzy Kaolin,Brak
106,T³usta,0,Niedoskona³oœci,Brak,20,Pharmaceris T Puri-Sebogel - antybakteryjny ¿el myj¹cy do twarzy,Eveline Cosmetics Beauty & Glow Matuj¹ce Serum z Probiotykami,To³pa - Dermo Face Strefa T - Matuj¹cy Krem-¯el Nawil¿aj¹cy,Missha - All-Around Safe Block Aqua Sun Gel SPF50+/PA++++,BasicLab Serum Zmniejszaj¹ce Niedoskona³oœci Z Niacynamidem 5% Redukcja i Zwê¿enie,Bielenda Professional SupremeLAB Barrier Renew Od¿ywczy Krem na Noc z Ceramidami,Acnederm,Benton Goodbye Redness Centella £agodz¹ca Maska w P³acie,TO£PA DERMO FACE SEBIO peeling 3 enzymy
107,Mieszana,0,Niedoskona³oœci,Podra¿nienie,21,Cetaphil - Pro Oil Control - Oczyszczaj¹ca Pianka do Mycia Skóry T³ustej i Mieszanej ,Revox Just Niacinamide 10%,Cetaphil - Pro Oil Control SPF30 - Krem Nawil¿aj¹co-Matuj¹cy,Missha - All-Around Safe Block Aqua Sun Gel SPF50+/PA++++,Brak,Bielenda Professional SupremeLAB Barrier Renew Od¿ywczy Krem na Noc z Ceramidami,Acnederm,Benton Goodbye Redness Centella £agodz¹ca Maska w P³acie,Brak
108,Normalna,0,Podra¿nienie,Brak,20,BIELENDA CBD Cannabidiol,Nacomi Next Level Serum Ceramidy 5%,Bandi Medical Expert Anti Dry Emulsja silnie nawil¿aj¹ca,Missha - All-Around Safe Block Aqua Sun Gel SPF50+/PA++++,The Ordinary Hyaluronic Acid 2% + B5,Bielenda Professional SupremeLAB Barrier Renew Od¿ywczy Krem na Noc z Ceramidami,Brak,Mediheal NMF Aquaring Ampoule Mask EX,Brak
109,Mieszana,0,Podra¿nienie,Suche skórki,16,Vianek Nawil¿aj¹ca Emulsja Myj¹ca do Twarzy,Nacomi Next Level Serum Ceramidy 5%,Bandi Medical Expert Anti Dry Emulsja silnie nawil¿aj¹ca,Missha - All-Around Safe Block Aqua Sun Gel SPF50+/PA++++,The Ordinary Hyaluronic Acid 2% + B5,Bielenda Professional SupremeLAB Barrier Renew Od¿ywczy Krem na Noc z Ceramidami,Brak,Bielenda Hydra Boost nawil¿aj¹ce serum do twarzy + SKIN79 Nawil¿aj¹ca maska algowa Skin Relaxer Algae Modeling Mask Moisturizing,BANDI ANTI DRY peeling kwasowy do twarzy silnie nawil¿aj¹cy
110,Mieszana,0,Podra¿nienie,Brak,20,Vianek Nawil¿aj¹ca Emulsja Myj¹ca do Twarzy,Nacomi Next Level Serum Ceramidy 5%,CeraVe Nawil¿aj¹cy Krem do Twarzy,Missha - All-Around Safe Block Aqua Sun Gel SPF50+/PA++++,Brak,Bielenda Professional SupremeLAB Barrier Renew Od¿ywczy Krem na Noc z Ceramidami,Brak,Mediheal NMF Aquaring Ampoule Mask EX,BANDI ANTI DRY peeling kwasowy do twarzy silnie nawil¿aj¹cy
111,Normalna,0,Podra¿nienie,Suche skórki,20,Missha - Super Aqua Ultra Hyalron Cleansing Foam,Nacomi Next Level Serum Ceramidy 5%,Bandi Medical Expert Anti Dry Emulsja silnie nawil¿aj¹ca,Missha - All-Around Safe Block Aqua Sun Gel SPF50+/PA++++,The Ordinary Hyaluronic Acid 2% + B5,Bielenda Professional SupremeLAB Barrier Renew Od¿ywczy Krem na Noc z Ceramidami,Maœæ z witamin¹ A,Bielenda Hydra Boost nawil¿aj¹ce serum do twarzy + SKIN79 Nawil¿aj¹ca maska algowa Skin Relaxer Algae Modeling Mask Moisturizing,BANDI ANTI DRY peeling kwasowy do twarzy silnie nawil¿aj¹cy
112,Mieszana,1,Podra¿nienie,Suche skórki,16,Vianek Nawil¿aj¹ca Emulsja Myj¹ca do Twarzy,Nacomi Next Level Serum Ceramidy 5%,Bandi Medical Expert Anti Dry Emulsja silnie nawil¿aj¹ca,Missha - All-Around Safe Block Aqua Sun Gel SPF50+/PA++++,MIYA COSMETICS BEAUTY LAB serum z prebiotykiem do twarzy,Bielenda Professional SupremeLAB Barrier Renew Od¿ywczy Krem na Noc z Ceramidami,Brak,Mediheal NMF Aquaring Ampoule Mask EX,BANDI ANTI DRY peeling kwasowy do twarzy silnie nawil¿aj¹cy
113,Mieszana,0,Podra¿nienie,Brak,24,Vianek Nawil¿aj¹ca Emulsja Myj¹ca do Twarzy,Nacomi Next Level Serum Ceramidy 5%,CeraVe Nawil¿aj¹cy Krem do Twarzy,Missha - All-Around Safe Block Aqua Sun Gel SPF50+/PA++++,Brak,Bielenda Professional SupremeLAB Barrier Renew Od¿ywczy Krem na Noc z Ceramidami,Brak,Mediheal NMF Aquaring Ampoule Mask EX,Brak
114,T³usta,1,Niedoskona³oœci,Brak,17,BIELENDA CBD Cannabidiol,Eveline Cosmetics Beauty & Glow Matuj¹ce Serum z Probiotykami,Cetaphil - Pro Oil Control SPF30 - Krem Nawil¿aj¹co-Matuj¹cy,Missha - All-Around Safe Block Aqua Sun Gel SPF50+/PA++++,BasicLab Serum Zmniejszaj¹ce Niedoskona³oœci Z Niacynamidem 5% Redukcja i Zwê¿enie,Bielenda Professional SupremeLAB Barrier Renew Od¿ywczy Krem na Noc z Ceramidami,Acnederm,Benton Goodbye Redness Centella £agodz¹ca Maska w P³acie,BANDI ANTI ACNE antytr¹dzikowy peeling kwasowy do twarzy
115,Sucha,1,Przebarwienia,Brak,20,¯el To³pa Dermo Face Physio,MIYA Serum z witamin¹ C na przebarwienia,Bandi Medical Expert Anti Dry Emulsja silnie nawil¿aj¹ca,Missha - All-Around Safe Block Aqua Sun Gel SPF50+/PA++++,Brak,Bielenda Professional SupremeLAB Barrier Renew Od¿ywczy Krem na Noc z Ceramidami,Brak,Benton Goodbye Redness Centella £agodz¹ca Maska w P³acie,BANDI ANTI DRY peeling kwasowy do twarzy silnie nawil¿aj¹cy
116,Normalna,0,Przebarwienia,Brak,17,CeraVe Nawil¿aj¹ca emulsja do mycia dla skóry normalnej i suchej,MIYA Serum z witamin¹ C na przebarwienia,Bielenda Professional SupremeLAB Energetyzuj¹co-Nawil¿aj¹cy Krem z Witamin¹ C,Missha - All-Around Safe Block Aqua Sun Gel SPF50+/PA++++,Brak,Bielenda Professional SupremeLAB Barrier Renew Od¿ywczy Krem na Noc z Ceramidami,Brak,Benton Goodbye Redness Centella £agodz¹ca Maska w P³acie,TO£PA DERMO FACE SEBIO peeling 3 enzymy
117,Sucha,1,Przebarwienia,Brak,20,¯el To³pa Dermo Face Physio,MIYA Serum z witamin¹ C na przebarwienia,Bandi Medical Expert Anti Dry Emulsja silnie nawil¿aj¹ca,Missha - All-Around Safe Block Aqua Sun Gel SPF50+/PA++++,Brak,Bielenda Professional SupremeLAB Barrier Renew Od¿ywczy Krem na Noc z Ceramidami,Brak,Benton Goodbye Redness Centella £agodz¹ca Maska w P³acie,BANDI ANTI DRY peeling kwasowy do twarzy silnie nawil¿aj¹cy
118,Normalna,0,Przebarwienia,Podra¿nienie,17,Missha - Super Aqua Ultra Hyalron Cleansing Foam,MIYA Serum z witamin¹ C na przebarwienia,Bielenda Professional SupremeLAB Energetyzuj¹co-Nawil¿aj¹cy Krem z Witamin¹ C,Missha - All-Around Safe Block Aqua Sun Gel SPF50+/PA++++,Brak,Bielenda Professional SupremeLAB Barrier Renew Od¿ywczy Krem na Noc z Ceramidami,Brak,Mediheal NMF Aquaring Ampoule Mask EX,Brak
119,T³usta,0,Rozszerzone pory,Brak,18,BIELENDA CBD Cannabidiol,BasicLab Serum Zmniejszaj¹ce Niedoskona³oœci Z Niacynamidem 5% Redukcja i Zwê¿enie,Cetaphil - Pro Oil Control SPF30 - Krem Nawil¿aj¹co-Matuj¹cy,Missha - All-Around Safe Block Aqua Sun Gel SPF50+/PA++++,MIYA COSMETICS BEAUTY LAB serum z prebiotykiem do twarzy,Bielenda Professional SupremeLAB Barrier Renew Od¿ywczy Krem na Noc z Ceramidami,Acnederm,Mediheal NMF Aquaring Ampoule Mask EX,TO£PA DERMO FACE SEBIO peeling 3 enzymy
120,T³usta,0,Rozszerzone pory,Przebarwienia,22,Missha - Super Aqua Ultra Hyalron Cleansing Foam,MIYA Serum z witamin¹ C na przebarwienia,Cetaphil - Pro Oil Control SPF30 - Krem Nawil¿aj¹co-Matuj¹cy,Missha - All-Around Safe Block Aqua Sun Gel SPF50+/PA++++,Brak,Bielenda Professional SupremeLAB Barrier Renew Od¿ywczy Krem na Noc z Ceramidami,Acnederm,Nacomi Next Lvl Kwas Salicylowy 2% + Nacomi Bia³a Glinka do Twarzy Kaolin,Brak
121,Sucha,0,Suche skórki,Szara cera,24,Missha - Super Aqua Ultra Hyalron Cleansing Foam,MIYA Serum z witamin¹ C na przebarwienia,CETAPHIL MD DERMOPROTEKTOR,Skin79 Waterproof Sun Gel Krem ochronny SPF50,The Ordinary Hyaluronic Acid 2% + B5,SVR Hydraliane,Maœæ z witamin¹ A,Nacomi Next Lvl Kwas Salicylowy 2% + Nacomi Bia³a Glinka do Twarzy Kaolin,BANDI ANTI DRY peeling kwasowy do twarzy silnie nawil¿aj¹cy
122,Normalna,0,Szara cera,Brak,18,¯el To³pa Dermo Face Physio,MIYA Serum z witamin¹ C na przebarwienia,CeraVe Nawil¿aj¹cy Krem do Twarzy,Skin79 Waterproof Sun Gel Krem ochronny SPF50,Brak,CeraVe Nawil¿aj¹cy Krem do Twarzy,Brak,Nacomi Next Lvl Kwas Salicylowy 2% + Nacomi Bia³a Glinka do Twarzy Kaolin,TO£PA DERMO FACE SEBIO peeling 3 enzymy
123,Sucha,1,Szara cera,Suche skórki,16,Vianek Nawil¿aj¹ca Emulsja Myj¹ca do Twarzy,MIYA Serum z witamin¹ C na przebarwienia,CETAPHIL MD DERMOPROTEKTOR,Skin79 Waterproof Sun Gel Krem ochronny SPF50,Brak,SVR Hydraliane,Maœæ z witamin¹ A,Nacomi Next Lvl Kwas Salicylowy 2% + Nacomi Bia³a Glinka do Twarzy Kaolin,BANDI ANTI DRY peeling kwasowy do twarzy silnie nawil¿aj¹cy
124,Sucha,1,Widoczne naczynka,Brak,17,Vianek Nawil¿aj¹ca Emulsja Myj¹ca do Twarzy,APIS COUPEROSE-STOP SERUM DLA CERY Z PROBLEMAMI NACZYNKOWYMI,BIELENDA CERA NACZYNKOWA REDUKUJ¥CY ZACZERWIENIENIA KREM NA DZIEÑ,Uriage Roseliane SPF30 krem do cery naczynkowej,Bielenda Hydra Boost nawil¿aj¹ce serum do twarzy,SVR Sensifine AR,Brak,Nacomi Next Lvl Kwas Salicylowy 2% + Nacomi Bia³a Glinka do Twarzy Kaolin,BANDI ANTI DRY peeling kwasowy do twarzy silnie nawil¿aj¹cy
125,Normalna,1,Niedoskona³oœci,Brak,21,CeraVe Nawil¿aj¹ca emulsja do mycia dla skóry normalnej i suchej,APIS COUPEROSE-STOP SERUM DLA CERY Z PROBLEMAMI NACZYNKOWYMI,BIELENDA CERA NACZYNKOWA REDUKUJ¥CY ZACZERWIENIENIA KREM NA DZIEÑ,Uriage Roseliane SPF30 krem do cery naczynkowej,Bielenda Hydra Boost nawil¿aj¹ce serum do twarzy,SVR Sensifine AR,Acnederm,Nacomi Next Lvl Kwas Salicylowy 2% + Nacomi Bia³a Glinka do Twarzy Kaolin,Brak
126,Sucha,1,Widoczne naczynka,Brak,24,Vianek Nawil¿aj¹ca Emulsja Myj¹ca do Twarzy,APIS COUPEROSE-STOP SERUM DLA CERY Z PROBLEMAMI NACZYNKOWYMI,BIELENDA CERA NACZYNKOWA REDUKUJ¥CY ZACZERWIENIENIA KREM NA DZIEÑ,Uriage Roseliane SPF30 krem do cery naczynkowej,MIYA COSMETICS BEAUTY LAB serum z prebiotykiem do twarzy,SVR Sensifine AR,Maœæ z witamin¹ A,Nacomi Next Lvl Kwas Salicylowy 2% + Nacomi Bia³a Glinka do Twarzy Kaolin,BANDI ANTI DRY peeling kwasowy do twarzy silnie nawil¿aj¹cy
127,Normalna,1,Widoczne naczynka,Suche skórki,21,Missha - Super Aqua Ultra Hyalron Cleansing Foam,APIS COUPEROSE-STOP SERUM DLA CERY Z PROBLEMAMI NACZYNKOWYMI,BIELENDA CERA NACZYNKOWA REDUKUJ¥CY ZACZERWIENIENIA KREM NA DZIEÑ,Uriage Roseliane SPF30 krem do cery naczynkowej,Bielenda Hydra Boost nawil¿aj¹ce serum do twarzy,SVR Sensifine AR,Maœæ z witamin¹ A,Nacomi Next Lvl Kwas Salicylowy 2% + Nacomi Bia³a Glinka do Twarzy Kaolin,BANDI ANTI DRY peeling kwasowy do twarzy silnie nawil¿aj¹cy
128,T³usta,1,Rozszerzone pory,Brak,18,Pharmaceris T Puri-Sebogel - antybakteryjny ¿el myj¹cy do twarzy,BasicLab Serum Zmniejszaj¹ce Niedoskona³oœci Z Niacynamidem 5% Redukcja i Zwê¿enie,Cetaphil - Pro Oil Control SPF30 - Krem Nawil¿aj¹co-Matuj¹cy,SVR Sebiaclear Creme SPF 50,Bielenda Hydra Boost nawil¿aj¹ce serum do twarzy,Avene Cleanance Women,Acnederm,Nacomi Next Lvl Kwas Salicylowy 2% + Nacomi Bia³a Glinka do Twarzy Kaolin,TO£PA DERMO FACE SEBIO peeling 3 enzymy
129,T³usta,0,Rozszerzone pory,Brak,18,Pharmaceris T Puri-Sebogel - antybakteryjny ¿el myj¹cy do twarzy,BasicLab Serum Zmniejszaj¹ce Niedoskona³oœci Z Niacynamidem 5% Redukcja i Zwê¿enie,Cetaphil - Pro Oil Control SPF30 - Krem Nawil¿aj¹co-Matuj¹cy,SVR Sebiaclear Creme SPF 50,Bielenda Hydra Boost nawil¿aj¹ce serum do twarzy,Avene Cleanance Women,Acnederm,Nacomi Next Lvl Kwas Salicylowy 2% + Nacomi Bia³a Glinka do Twarzy Kaolin,TO£PA DERMO FACE SEBIO peeling 3 enzymy
130,T³usta,0,Podra¿nienie,Brak,24,BIELENDA CBD Cannabidiol,Nacomi Next Level Serum Ceramidy 5%,CeraVe Nawil¿aj¹cy Krem do Twarzy,Revox Just Daily Sun Krem przeciws³oneczny SPF50,Bielenda Hydra Boost nawil¿aj¹ce serum do twarzy,CeraVe Nawil¿aj¹cy Krem do Twarzy,Brak,Nacomi Next Lvl Kwas Salicylowy 2% + Nacomi Bia³a Glinka do Twarzy Kaolin,Brak
131,T³usta,1,Niedoskona³oœci,Podra¿nienie,17,BIELENDA CBD Cannabidiol,BasicLab Serum Zmniejszaj¹ce Niedoskona³oœci Z Niacynamidem 5% Redukcja i Zwê¿enie,Cetaphil - Pro Oil Control SPF30 - Krem Nawil¿aj¹co-Matuj¹cy,SVR Sebiaclear Creme SPF 50,Bielenda Hydra Boost nawil¿aj¹ce serum do twarzy,Dermedic Melumin,Acnederm,Nacomi Next Lvl Kwas Salicylowy 2% + Nacomi Bia³a Glinka do Twarzy Kaolin,BANDI ANTI ACNE antytr¹dzikowy peeling kwasowy do twarzy
132,Sucha,1,Przebarwienia,Podra¿nienie,20,BIELENDA CBD Cannabidiol,MIYA Serum z witamin¹ C na przebarwienia,Bandi Medical Expert Anti Dry Emulsja silnie nawil¿aj¹ca,Skin79 Waterproof Sun Gel Krem ochronny SPF50,Bielenda Hydra Boost nawil¿aj¹ce serum do twarzy,Dermedic Melumin,Brak,Nacomi Next Lvl Kwas Salicylowy 2% + Nacomi Bia³a Glinka do Twarzy Kaolin,BANDI ANTI DRY peeling kwasowy do twarzy silnie nawil¿aj¹cy
133,Normalna,0,Przebarwienia,Podra¿nienie,17,BIELENDA CBD Cannabidiol,MIYA Serum z witamin¹ C na przebarwienia,Bielenda Professional SupremeLAB Energetyzuj¹co-Nawil¿aj¹cy Krem z Witamin¹ C,SVR Sebiaclear Creme SPF 50,Bielenda Hydra Boost nawil¿aj¹ce serum do twarzy,Dermedic Melumin,Brak,Nacomi Next Lvl Kwas Salicylowy 2% + Nacomi Bia³a Glinka do Twarzy Kaolin,TO£PA DERMO FACE SEBIO peeling 3 enzymy
134,Sucha,1,Przebarwienia,Podra¿nienie,20,BIELENDA CBD Cannabidiol,MIYA Serum z witamin¹ C na przebarwienia,Bandi Medical Expert Anti Dry Emulsja silnie nawil¿aj¹ca,Skin79 Waterproof Sun Gel Krem ochronny SPF50,Bielenda Hydra Boost nawil¿aj¹ce serum do twarzy,Dermedic Melumin,Brak,Nacomi Next Lvl Kwas Salicylowy 2% + Nacomi Bia³a Glinka do Twarzy Kaolin,BANDI ANTI DRY peeling kwasowy do twarzy silnie nawil¿aj¹cy
135,Normalna,0,Przebarwienia,Brak,17,Missha - Super Aqua Ultra Hyalron Cleansing Foam,MIYA Serum z witamin¹ C na przebarwienia,Bielenda Professional SupremeLAB Energetyzuj¹co-Nawil¿aj¹cy Krem z Witamin¹ C,SVR Sebiaclear Creme SPF 50,Bielenda Hydra Boost nawil¿aj¹ce serum do twarzy,Dermedic Melumin,Brak,Nacomi Next Lvl Kwas Salicylowy 2% + Nacomi Bia³a Glinka do Twarzy Kaolin,Brak
136,T³usta,0,Rozszerzone pory,Brak,18,BIELENDA CBD Cannabidiol,BasicLab Serum Zmniejszaj¹ce Niedoskona³oœci Z Niacynamidem 5% Redukcja i Zwê¿enie,Cetaphil - Pro Oil Control SPF30 - Krem Nawil¿aj¹co-Matuj¹cy,SVR Sebiaclear Creme SPF 50,Bielenda Hydra Boost nawil¿aj¹ce serum do twarzy,Avene Cleanance Women,Acnederm,Nacomi Next Lvl Kwas Salicylowy 2% + Nacomi Bia³a Glinka do Twarzy Kaolin,TO£PA DERMO FACE SEBIO peeling 3 enzymy
137,T³usta,0,Rozszerzone pory,Przebarwienia,18,BIELENDA CBD Cannabidiol,MIYA Serum z witamin¹ C na przebarwienia,Cetaphil - Pro Oil Control SPF30 - Krem Nawil¿aj¹co-Matuj¹cy,SVR Sebiaclear Creme SPF 50,Bielenda Hydra Boost nawil¿aj¹ce serum do twarzy,Avene Cleanance Women,Acnederm,Nacomi Next Lvl Kwas Salicylowy 2% + Nacomi Bia³a Glinka do Twarzy Kaolin,Brak
138,Sucha,0,Suche skórki,Szara cera,24,Missha - Super Aqua Ultra Hyalron Cleansing Foam,MIYA Serum z witamin¹ C na przebarwienia,CeraVe Nawil¿aj¹cy Krem do Twarzy,Revox Just Daily Sun Krem przeciws³oneczny SPF50,Bielenda Hydra Boost nawil¿aj¹ce serum do twarzy,Bielenda Professional SupremeLAB Barrier Renew Od¿ywczy Krem na Noc z Ceramidami,Maœæ z witamin¹ A,Mediheal NMF Aquaring Ampoule Mask EX,BANDI ANTI DRY peeling kwasowy do twarzy silnie nawil¿aj¹cy
139,Normalna,0,Szara cera,Brak,18,¯el To³pa Dermo Face Physio,MIYA Serum z witamin¹ C na przebarwienia,CeraVe Nawil¿aj¹cy Krem do Twarzy,Skin79 Waterproof Sun Gel Krem ochronny SPF50,Bielenda Hydra Boost nawil¿aj¹ce serum do twarzy,CeraVe Nawil¿aj¹cy Krem do Twarzy,Brak,Mediheal NMF Aquaring Ampoule Mask EX,TO£PA DERMO FACE SEBIO peeling 3 enzymy
140,Sucha,0,Szara cera,Suche skórki,16,Vianek Nawil¿aj¹ca Emulsja Myj¹ca do Twarzy,MIYA Serum z witamin¹ C na przebarwienia,CETAPHIL MD DERMOPROTEKTOR,Skin79 Waterproof Sun Gel Krem ochronny SPF50,Bielenda Hydra Boost nawil¿aj¹ce serum do twarzy,SVR Hydraliane,Maœæ z witamin¹ A,Bielenda Hydra Boost nawil¿aj¹ce serum do twarzy + SKIN79 Nawil¿aj¹ca maska algowa Skin Relaxer Algae Modeling Mask Moisturizing,BANDI ANTI DRY peeling kwasowy do twarzy silnie nawil¿aj¹cy
141,Sucha,0,Widoczne naczynka,Brak,16,Vianek Nawil¿aj¹ca Emulsja Myj¹ca do Twarzy,APIS COUPEROSE-STOP SERUM DLA CERY Z PROBLEMAMI NACZYNKOWYMI,CeraVe Nawil¿aj¹cy Krem do Twarzy,Revox Just Daily Sun Krem przeciws³oneczny SPF50,Bielenda Hydra Boost nawil¿aj¹ce serum do twarzy,SVR Sensifine AR,Brak,Bielenda Hydra Boost nawil¿aj¹ce serum do twarzy + SKIN79 Nawil¿aj¹ca maska algowa Skin Relaxer Algae Modeling Mask Moisturizing,BANDI ANTI DRY peeling kwasowy do twarzy silnie nawil¿aj¹cy
142,Normalna,0,Niedoskona³oœci,Brak,21,CeraVe Nawil¿aj¹ca emulsja do mycia dla skóry normalnej i suchej,APIS COUPEROSE-STOP SERUM DLA CERY Z PROBLEMAMI NACZYNKOWYMI,BIELENDA CERA NACZYNKOWA REDUKUJ¥CY ZACZERWIENIENIA KREM NA DZIEÑ,Uriage Roseliane SPF30 krem do cery naczynkowej,Bielenda Hydra Boost nawil¿aj¹ce serum do twarzy,SVR Sensifine AR,Acnederm,Benton Goodbye Redness Centella £agodz¹ca Maska w P³acie,Brak
143,Sucha,0,Widoczne naczynka,Brak,20,¯el To³pa Dermo Face Physio,APIS COUPEROSE-STOP SERUM DLA CERY Z PROBLEMAMI NACZYNKOWYMI,CeraVe Nawil¿aj¹cy Krem do Twarzy,Revox Just Daily Sun Krem przeciws³oneczny SPF50,Bielenda Hydra Boost nawil¿aj¹ce serum do twarzy,SVR Sensifine AR,Maœæ z witamin¹ A,Bielenda Hydra Boost nawil¿aj¹ce serum do twarzy + SKIN79 Nawil¿aj¹ca maska algowa Skin Relaxer Algae Modeling Mask Moisturizing,BANDI ANTI DRY peeling kwasowy do twarzy silnie nawil¿aj¹cy
144,Normalna,0,Widoczne naczynka,Suche skórki,21,Missha - Super Aqua Ultra Hyalron Cleansing Foam,APIS COUPEROSE-STOP SERUM DLA CERY Z PROBLEMAMI NACZYNKOWYMI,BIELENDA CERA NACZYNKOWA REDUKUJ¥CY ZACZERWIENIENIA KREM NA DZIEÑ,Uriage Roseliane SPF30 krem do cery naczynkowej,The Ordinary Hyaluronic Acid 2% + B5,SVR Sensifine AR,Maœæ z witamin¹ A,Bielenda Hydra Boost nawil¿aj¹ce serum do twarzy + SKIN79 Nawil¿aj¹ca maska algowa Skin Relaxer Algae Modeling Mask Moisturizing,BANDI ANTI DRY peeling kwasowy do twarzy silnie nawil¿aj¹cy
145,T³usta,0,Rozszerzone pory,Brak,18,Pharmaceris T Puri-Sebogel - antybakteryjny ¿el myj¹cy do twarzy,BasicLab Serum Zmniejszaj¹ce Niedoskona³oœci Z Niacynamidem 5% Redukcja i Zwê¿enie,Cetaphil - Pro Oil Control SPF30 - Krem Nawil¿aj¹co-Matuj¹cy,SVR Sebiaclear Creme SPF 50,MIYA COSMETICS BEAUTY LAB serum z prebiotykiem do twarzy,Avene Cleanance Women,Acnederm,Mediheal NMF Aquaring Ampoule Mask EX,TO£PA DERMO FACE SEBIO peeling 3 enzymy
146,T³usta,1,Rozszerzone pory,Brak,18,Pharmaceris T Puri-Sebogel - antybakteryjny ¿el myj¹cy do twarzy,BasicLab Serum Zmniejszaj¹ce Niedoskona³oœci Z Niacynamidem 5% Redukcja i Zwê¿enie,Cetaphil - Pro Oil Control SPF30 - Krem Nawil¿aj¹co-Matuj¹cy,SVR Sebiaclear Creme SPF 50,MIYA COSMETICS BEAUTY LAB serum z prebiotykiem do twarzy,Avene Cleanance Women,Acnederm,Mediheal NMF Aquaring Ampoule Mask EX,TO£PA DERMO FACE SEBIO peeling 3 enzymy
147,Normalna,0,Szara cera,Widoczne naczynka,18,¯el To³pa Dermo Face Physio,MIYA Serum z witamin¹ C na przebarwienia,CeraVe Nawil¿aj¹cy Krem do Twarzy,Skin79 Waterproof Sun Gel Krem ochronny SPF50,Brak,CeraVe Nawil¿aj¹cy Krem do Twarzy,Brak,Mediheal NMF Aquaring Ampoule Mask EX,TO£PA DERMO FACE SEBIO peeling 3 enzymy
148,T³usta,1,Rozszerzone pory,Nadprodukcja sebum,18,Pharmaceris T Puri-Sebogel - antybakteryjny ¿el myj¹cy do twarzy,BasicLab Serum Zmniejszaj¹ce Niedoskona³oœci Z Niacynamidem 5% Redukcja i Zwê¿enie,Cetaphil - Pro Oil Control SPF30 - Krem Nawil¿aj¹co-Matuj¹cy,SVR Sebiaclear Creme SPF 50,MIYA COSMETICS BEAUTY LAB serum z prebiotykiem do twarzy,Avene Cleanance Women,Acnederm,Mediheal NMF Aquaring Ampoule Mask EX,TO£PA DERMO FACE SEBIO peeling 3 enzymy
149,T³usta,0,Nadprodukcja sebum,Brak,21,Cosrx - Low pH Good Morning Gel Cleanser - £agodny ¯el do Mycia Twarzy,The Ordinary - Niacinamide 10% + Zinc 1% - Serum z Witamin¹ B3 i Cynkiem,Cetaphil - Pro Oil Control SPF30 - Krem Nawil¿aj¹co-Matuj¹cy,Missha - All-Around Safe Block Aqua Sun Gel SPF50+/PA++++,Bielenda Professional SupremeLab Sebio Derm Serum do Twarzy,CeraVe Nawil¿aj¹cy Krem do Twarzy,Acnederm,The Ordinary - Salicylic Acid 2% Masque - Maska Glinkowo-Wêglowa z 2% Kwasem Salicylowym,Brak
150,T³usta,1,Nadprodukcja sebum,Brak,22,Cetaphil - Pro Oil Control - Oczyszczaj¹ca Pianka do Mycia Skóry T³ustej i Mieszanej ,To³pa - Pre Age - Matuj¹ce Serum Normalizuj¹ce - 20ml,Bandi - Delicate Care - Koj¹cy Krem Matuj¹cy,Missha - All-Around Safe Block Aqua Sun Gel SPF50+/PA++++,Eveline Cosmetics Beauty & Glow Matuj¹ce Serum z Probiotykami,Bielenda Professional SupremeLAB Barrier Renew Od¿ywczy Krem na Noc z Ceramidami,Acnederm,Nacomi Next Lvl Kwas Salicylowy 2% + Nacomi Bia³a Glinka do Twarzy Kaolin,Brak
151,T³usta,0,Nadprodukcja sebum,Niedoskona³oœci,18,Cetaphil - Pro Oil Control - Oczyszczaj¹ca Pianka do Mycia Skóry T³ustej i Mieszanej ,REVOX JUST niacynamid 10%,To³pa - Authentic - Krem Matowa Skóra,Missha - All-Around Safe Block Aqua Sun Gel SPF50+/PA++++,TO£PA DERMO FACE STREFA T nawil¿aj¹ce serum-booster,To³pa Authentic Nawil¿ona Skóra,Bandi - Sebo Care - Pasta Punktowa na Niedoskona³oœci z Kalamin¹,APIS Maska Œci¹gaj¹co-Wyg³adzaj¹ca z Bia³¹ Glink¹ i Cynkiem,TO£PA DERMO FACE SEBIO peeling 3 enzymy
152,T³usta,0,Nadprodukcja sebum,Brak,18,Neutrogena Visibly Clear Clear & Defend Facial Wash,The Ordinary - Niacinamide 10% + Zinc 1% - Serum z Witamin¹ B3 i Cynkiem,To³pa - Authentic - Krem Matowa Skóra,Missha - All-Around Safe Block Aqua Sun Gel SPF50+/PA++++,TO£PA DERMO FACE STREFA T nawil¿aj¹ce serum-booster,CeraVe Nawil¿aj¹cy Krem do Twarzy,Acnederm,The Ordinary - Salicylic Acid 2% Masque - Maska Glinkowo-Wêglowa z 2% Kwasem Salicylowym,Brak
153,T³usta,1,Nadprodukcja sebum,Brak,19,Neutrogena Visibly Clear Clear & Defend Facial Wash,The Ordinary - Niacinamide 10% + Zinc 1% - Serum z Witamin¹ B3 i Cynkiem,To³pa - Dermo Face Strefa T - Matuj¹cy Krem-¯el Nawil¿aj¹cy,Missha - All-Around Safe Block Aqua Sun Gel SPF50+/PA++++,Eveline Cosmetics Beauty & Glow Matuj¹ce Serum z Probiotykami,Bielenda Professional SupremeLAB Barrier Renew Od¿ywczy Krem na Noc z Ceramidami,Acnederm,Nacomi Next Lvl Kwas Salicylowy 2% + Nacomi Bia³a Glinka do Twarzy Kaolin,Brak
154,Mieszana,1,Niedoskona³oœci,Rozszerzone pory,24,Neutrogena Visibly Clear Clear & Defend Facial Wash,REVOX JUST niacynamid 10%,To³pa - Authentic - Krem Matowa Skóra,Skin79 Waterproof Sun Gel Krem ochronny SPF50,BasicLab Serum Zmniejszaj¹ce Niedoskona³oœci Z Niacynamidem 5% Redukcja i Zwê¿enie,Bandi Medical Expert Anti Dry Kremowa kuracja nawil¿aj¹co-naprawcza,Bandi - Sebo Care - Pasta Punktowa na Niedoskona³oœci z Kalamin¹,Benton Goodbye Redness Centella £agodz¹ca Maska w P³acie,BANDI ANTI ACNE antytr¹dzikowy peeling kwasowy do twarzy
